t,x_data,y_data,x_fit,y_fit
6.0,88.364456,57.784378,59.87530858667609,45.58948585593515
6.036024016010674,74.283936,54.40678,59.90819470692941,45.60452558822369
6.072048032021348,60.256474,46.311462,59.941117714234,45.619500342210756
6.108072048032021,82.13437,57.717567,59.97407728483248,45.63441068821041
6.144096064042695,101.03639,67.84934,60.00707309175058,45.649257202203465
6.180120080053369,69.284134,48.406086,60.04010480484785,45.664040465748066
6.216144096064043,77.81013,57.588833,60.07317209086861,45.67876106589
6.252168112074717,91.29688,63.03135,60.10627461349311,45.693419595072555
6.28819212808539,107.66841,65.91405,60.13941203338883,45.70801665104619
6.324216144096064,76.40689,56.871525,60.17258400826196,45.72255283677777
6.360240160106738,72.313515,51.168285,60.20579019290906,45.737028760359614
6.396264176117412,100.56871,68.07376,60.23903023926894,45.75144503491814
6.432288192128086,85.40742,57.31956,60.27230379647459,45.765802278522344
6.468312208138759,65.73637,47.454475,60.30561051090531,45.780101114091956
6.504336224149433,78.559,57.776672,60.338950026239004,45.79434216930534
6.540360240160107,102.01643,67.376236,60.372321983504605,45.808526076507185
6.576384256170781,92.44081,67.234024,60.40572602113457,45.822653472615976
6.6124082721814545,102.319664,67.23141,60.43916177501757,45.83672499903119
6.648432288192128,73.051186,52.32614,60.472628878551255,45.85074130154036
6.684456304202802,70.23932,48.974834,60.50612696269516,45.86470303022589
6.7204803202134755,88.56056,57.891556,60.53965565602367,45.87861083937174
6.7565043362241495,91.96877,65.819046,60.573214584779095,45.8924653873699
6.792528352234823,86.83264,57.347816,60.60680337292486,45.906267336626755
6.8285523682454965,92.62934,67.65634,60.64042164219875,45.92001735346924
6.8645763842561704,104.750336,66.19454,60.67406901216625,45.93371610805094
6.900600400266844,73.5264,53.136063,60.70774510027391,45.94736427425799
6.936624416277518,93.27278,68.66579,60.74144952190283,45.96096252961494
6.972648432288192,71.30269,49.905098,60.77518189042218,45.974511555190475
7.008672448298865,64.975815,47.35335,60.808941817242726,45.98801203550306
7.044696464309539,89.05592,58.24083,60.842728911870466,46.001464658426514
7.080720480320213,100.71979,68.00157,60.87654278196027,46.01487011509553
7.116744496330887,106.31808,65.80417,60.91038303336951,46.02822909981114
7.152768512341561,108.06331,66.10597,60.94424927021181,46.0415423099461
7.188792528352234,67.84049,47.865753,60.97814109491071,46.054810445850336
7.224816544362908,82.02788,57.731422,61.012058108253385,46.06803421075628
7.260840560373582,98.86425,68.84363,61.045999909444376,46.08121431068425
7.296864576384256,72.67582,51.715893,61.07996609615931,46.09435145434785
7.33288859239493,97.88674,69.218376,61.11395626459859,46.10744635305934
7.368912608405603,88.70565,57.981354,61.147970009541105,46.120499720635046
7.404936624416278,70.66043,49.300117,61.18200692439786,46.133512273300894
7.440960640426951,95.17704,69.66583,61.216066601265666,46.14648472959783
7.476984656437625,90.98131,61.803932,61.25014863098068,46.159417810287465
7.513008672448299,74.11193,54.128273,61.28425260317202,46.17231223825772
7.549032688458972,67.423485,47.758686,61.31837810631526,46.18516873842851
7.585056704469647,75.07062,55.54406,61.35252472778586,46.197988037657645
7.62108072048032,93.32456,68.72479,61.38669205391261,46.21077086464672
7.657104736490994,92.49515,67.36309,61.42087967003093,46.22351794984718
7.693128752501668,109.09305,67.57011,61.45508716053612,46.23623002536654
7.729152768512341,74.6767,55.005707,61.48931410893658,46.24890782487462
7.765176784523016,84.74091,57.372154,61.52356009790688,46.26155208351012
7.801200800533689,83.09207,57.584,61.55782470934074,46.274163537787175
7.837224816544363,78.128586,57.682087,61.59210752440399,46.28674292550219
7.873248832555037,65.000305,47.356487,61.626408123587325,46.299290985640816
7.909272848565711,92.592575,67.57944,61.66072608675902,46.31180845828515
7.945296864576385,94.47159,69.50913,61.69506099321751,46.32429608452106
7.981320880587058,84.89339,57.357613,61.72941242174385,46.33675460634584
8.01734489659773,92.58727,67.568146,61.76377995065404,46.34918476657597
8.053368912608406,89.3978,58.564568,61.798163157851235,46.36158730875522
8.089392928619079,85.80336,57.30451,61.83256162087779,46.37396297706286
8.125416944629754,109.05394,67.45857,61.866974916967195,46.3863125162223
8.161440960640427,72.61481,51.620525,61.90140262309582,46.398636671409825
8.197464976651101,84.3335,57.416786,61.935844316034576,46.410936188163724
8.233488992661774,91.34593,63.23906,61.97029957240029,46.423211812293616
8.269513008672448,91.305405,63.06719,62.00476796870707,46.43546428979015
8.305537024683122,62.731583,47.02679,62.03924908141736,46.44769436673493
8.341561040693795,84.717255,57.374527,62.0737424869929,46.45990278921082
8.377585056704469,108.320114,66.29982,62.10824776194547,46.47209030321253
8.413609072715143,93.38754,68.792984,62.14276448288747,46.48425765455753
8.449633088725816,87.94448,57.602074,62.17729222658227,46.49640558879735
8.485657104736491,74.52983,54.788445,62.211830569994376,46.508534851129184
8.521681120747164,98.66312,68.92605,62.24637909033943,46.52064618630788
8.55770513675784,73.594505,53.253242,62.28093736513394,46.53274033855828
8.593729152768512,84.93126,57.354206,62.3155049722448,46.54481805148797
8.629753168779185,67.8154,47.858814,62.35008148993867,46.556880068000396
8.66577718478986,73.32133,52.783768,62.38466649693101,46.568927130208344
8.701801200800533,70.60834,49.25702,62.419259572434996,46.58095997934791
8.737825216811206,84.30343,57.420364,62.453860296210124,46.59297935569281
8.773849232821881,89.181885,58.35109,62.48846824861059,46.60498599846915
8.809873248832556,71.52109,50.144382,62.52308301063346,46.61698064577059
8.845897264843229,102.03093,67.36928,62.55770416396655,46.62896403447401
8.881921280853902,92.67618,67.75073,62.59233129103606,46.64093690015557
8.917945296864577,96.70082,69.55569,62.626963975054,46.65289997700727
8.95396931287525,63.39724,47.13958,62.661601800065206,46.66485399775392
8.989993328885923,73.5922,53.24928,62.6962443509943,46.67679969357065
9.026017344896598,87.72062,57.527298,62.73089121369218,46.68873779400085
9.062041360907271,91.83847,65.328674,62.765541974982355,46.70066902687464
9.098065376917944,100.10727,68.291534,62.800196222706944,46.712594118227805
9.134089392928619,72.33709,51.20249,62.8348535457724,46.72451379222125
9.170113408939294,71.38096,49.98879,62.869513534194915,46.736428771061
9.206137424949967,79.996185,57.89074,62.90417577914562,46.74833977491865
9.24216144096064,66.2157,47.525764,62.93883987299534,46.760247521852406
9.278185456971315,94.11699,69.35312,62.9735054093592,46.77215272772868
9.314209472981988,106.67454,65.77663,63.00817198314077,46.78405610614412
9.35023348899266,65.80095,47.463623,63.04283919057603,46.79595836834835
9.386257505003336,104.915665,66.138336,63.07750662927694,46.807860223167104
9.422281521014009,68.09816,47.941082,63.11217389827469,46.81976237692608
9.458305537024682,76.40583,56.87075,63.14684059806266,46.83166553337524
9.494329553035357,97.43371,69.365585,63.18150633063904,46.84357039361379
9.530353569046031,91.13893,62.39004,63.216170699549075,46.85547765601568
9.566377585056705,64.61357,47.307106,63.25083330992706,46.867388016155736
9.602401601067378,75.18191,55.68387,63.285493768537876,46.87930216673635
9.638425617078052,79.86053,57.89057,63.320151683818295,46.89122079751486
9.674449633088726,106.91785,65.777115,63.35480666591786,46.90314459523143
9.710473649099399,80.97552,57.84513,63.38945832673947,46.91507424353768
9.746497665110073,75.69756,56.260036,63.42410627997952,46.9270104229258
9.782521681120746,104.00347,66.47797,63.4587501411678,46.93895381065844
9.818545697131421,85.33286,57.3239,63.493389527706924,46.95090508069912
9.854569713142094,62.00487,46.874073,63.5280240589115,46.962864903643386
9.89059372915277,60.975353,46.582985,63.56265335604678,46.97483394665053
9.926617745163442,64.781975,47.3286,63.597277042367125,46.986812873375996
9.962641761174115,68.08688,47.937626,63.63189474315391,46.99880234390452
9.99866577718479,67.83224,47.863464,63.6665060857532,47.010803014683816
10.034689793195463,105.982315,65.85555,63.701110699612926,47.022815538459014
10.070713809206136,73.884186,53.748222,63.735708216319765,47.03484056420778
10.106737825216811,86.084404,57.303146,63.77029826963558,47.046878737076064
10.142761841227486,74.4463,54.66118,63.80488049553348,47.05893069831461
10.178785857238157,105.78893,65.89461,63.83945453223349,47.07099708521613
10.214809873248832,107.52535,65.8685,63.87402002023783,47.083078531053125
10.250833889259507,73.66033,53.366364,63.90857660236574,47.09517566501651
10.28685790527018,64.37273,47.276096,63.94312392378803,47.10728911215489
10.322881921280853,73.5063,53.101463,63.97766163206105,47.119419493314545
10.358905937291528,63.259483,47.117928,64.01218937716041,47.131567425080156
10.394929953302201,94.03549,69.30809,64.04670681151418,47.143733519716264
10.430953969312874,68.93807,48.247204,64.08121359003576,47.15591838510941
10.466977985323549,91.60011,64.34067,64.11570937015622,47.16812262471107
10.503002001334224,78.77941,57.81267,64.1501938118564,47.18034683748128
10.539026017344895,75.13112,55.620747,64.18466657769835,47.19259161783303
10.57505003335557,66.16168,47.517296,64.21912733285664,47.20485755557736
10.611074049366245,65.39946,47.408455,64.25357574514892,47.21714523586928
10.647098065376918,87.790306,57.549076,64.28801148506636,47.22945523915437
10.683122081387591,72.77513,51.87362,64.32243422580342,47.24178814111615
10.719146097398266,91.200226,62.633213,64.35684364328733,47.25414451262428
10.755170113408939,102.7788,67.01567,64.39123941620713,47.26652491968339
10.791194129419612,76.0424,56.58198,64.42562122604214,47.278929923382826
10.827218145430287,75.27876,55.80104,64.45998875709017,47.29136007984704
10.863242161440962,87.3976,57.442387,64.49434169649524,47.30381594018683
10.899266177451633,102.9538,66.93498,64.52867973427472,47.31629805045136
10.935290193462308,87.94472,57.60216,64.56300256334625,47.328806951580866
10.971314209472983,74.40376,54.595406,64.59730987955406,47.34134317936027
11.007338225483656,73.56321,53.199406,64.63160138169488,47.3539072643735
11.043362241494329,95.13926,69.66168,64.66587677154344,47.36649973195859
11.079386257505003,103.97244,66.49064,64.7001357538775,47.379121102163644
11.115410273515677,65.96929,47.48809,64.73437803650238,47.39177188970351
11.15143428952635,81.25386,57.820103,64.76860333027513,47.40445260391729
11.187458305537024,86.36154,57.31073,64.80281134912818,47.417163748726665
11.2234823215477,92.42379,67.19231,64.8370018100926,47.42990582259493
11.25950633755837,68.11478,47.946205,64.87117443332079,47.44267931848698
11.295530353569045,71.20676,49.8056,64.90532894210885,47.45548472382995
11.33155436957972,108.45938,66.43607,64.93946506291839,47.468322520474764
11.367578385590393,93.277695,68.67151,64.97358252539796,47.48119318465838
11.403602401601066,67.05038,47.676136,65.00768106240396,47.49409718696704
11.439626417611741,79.78789,57.88972,65.04176041002113,47.50703499230006
11.475650433622414,74.87908,55.29064,65.07582030758253,47.520007059834676
11.511674449633087,79.49469,57.880463,65.10986049768916,47.53301384299155
11.547698465643762,89.37785,58.54345,65.14388072622896,47.546055789401166
11.583722481654437,106.95904,65.77898,65.17788074239553,47.55913334087099
11.61974649766511,80.78044,57.8599,65.21186029870623,47.57224693335349
11.655770513675783,98.47919,68.99922,65.24581915101993,47.58539699691495
11.691794529686458,84.019806,57.455715,65.2797570585542,47.5985839557051
11.727818545697131,73.8353,53.665348,65.3136737839021,47.61180822792757
11.763842561707804,80.66119,57.867683,65.34756909304853,47.62507022581114
11.799866577718479,76.77666,57.116966,65.38144275538603,47.6383703555819
11.835890593729152,74.26545,54.377274,65.41529454373014,47.65170901743607
11.871914609739825,69.432274,48.48101,65.44912423433438,47.66508660551378
11.9079386257505,63.283775,47.121803,65.48293160690463,47.67850350787363
11.943962641761175,63.616543,47.172565,65.51671644461314,47.69196010646802
11.979986657771848,72.93113,52.12703,65.55047853411209,47.70545677711938
12.016010673782521,81.7729,57.7632,65.58421766554653,47.71899388949716
12.052034689793196,71.50804,50.129574,65.61793363256709,47.732571807095674
12.088058705803869,93.61654,69.01099,65.65162623234201,47.74619088721271
12.124082721814542,90.27472,59.875393,65.68529526556885,47.75985148092907
12.160106737825217,84.668304,57.37953,65.71894053648563,47.773553933088806
12.19613075383589,65.262024,47.390335,65.75256185288158,47.78729858228033
12.232154769846563,101.74204,67.508316,65.78615902610746,47.80108576081835
12.268178785857238,99.37213,68.62584,65.81973187108522,47.81491579472663
12.304202801867913,73.00548,52.24997,65.85328020631746,47.8287890037215
12.340226817878586,92.74753,67.887184,65.88680385389628,47.84270570119628
12.376250833889259,74.56288,54.83807,65.92030263951162,47.85666619420641
12.412274849899934,108.43132,66.40654,65.95377639245928,47.870670783455495
12.448298865910607,76.15849,56.679646,65.98722494564836,47.8847197632821
12.48432288192128,73.49158,53.07614,66.02064813560837,47.89881342164735
12.520346897931955,108.5905,66.59001,66.0540458024957,47.91295204012339
12.556370913942628,93.21804,68.60042,66.08741779009975,47.92713589388261
12.5923949299533,90.96892,61.76042,66.12076394584864,47.94136525168766
12.628418945963976,88.533585,57.875877,66.15408412081439,47.95564037588233
12.66444296197465,106.84482,65.77513,66.18737816971759,47.969961522383194
12.700466977985323,75.996254,56.541702,66.2206459509318,47.98432894067202
12.736490993995996,108.8618,67.01758,66.25388732648726,47.99874287378906
12.772515010006671,94.893555,69.6239,66.28710216207442,48.01320355832709
12.808539026017344,109.11921,67.65021,66.32029032704673,48.027711224426184
12.844563042028017,62.290203,46.9384,66.3534516944232,48.04226609576943
12.880587058038692,108.11298,66.13849,66.38658614089043,48.05686838957927
12.916611074049365,68.867386,48.21734,66.41969354680415,48.071518316614764
12.952635090060038,92.12111,66.33725,66.45277379619047,48.08621608116953
12.988659106070713,68.91644,48.237976,66.48582677674642,48.100961881070546
13.024683122081388,96.1428,69.64946,66.51885237984034,48.11575590767768
13.060707138092061,81.79806,57.760162,66.55185050051165,48.13059834588404
13.096731154102734,90.74434,61.036118,66.58482103747018,48.14548937411703
13.132755170113409,71.67781,50.327328,66.6177638930952,48.160429164340265
13.168779186124082,85.39762,57.320107,66.65067897343384,48.1754178820562
13.204803202134755,95.05159,69.650406,66.68356618819921,48.19045568630952
13.24082721814543,89.69113,58.91278,66.716425450768,48.205542729691295
13.276851234156105,86.577896,57.323666,66.74925667817772,48.22067915834393
13.312875250166776,108.88264,67.05848,66.78205979112344,48.23586511196682
13.348899266177451,90.68565,60.866447,66.81483471395418,48.25110072382281
13.384923282188126,97.15971,69.44433,66.84758137466879,48.26638612074533
13.420947298198799,66.14101,47.514088,66.88029970491151,48.28172142314635
13.456971314209472,108.9283,67.15332,66.91298963996698,48.297106745025026
13.492995330220147,65.798256,47.46324,66.945651118755,48.31254219397711
13.52901934623082,78.87851,57.82636,66.97828408382463,48.32802787120508
13.565043362241493,60.722965,46.49486,67.0108884813482,48.343563871529
13.601067378252168,89.374695,58.540127,67.04346426111462,48.35915028339811
13.637091394262843,64.84805,47.33703,67.0760113765224,48.37478718890314
13.673115410273514,62.297134,46.939888,67.10852978457228,48.390474663789355
13.709139426284189,72.50768,51.456062,67.14101944585943,48.406212777470245
13.745163442294864,75.22398,55.73528,67.1734803245652,48.42200159304204
13.781187458305537,92.5421,67.46969,67.2059123884486,48.437841167298814
13.81721147431621,91.76163,65.02105,67.23831560883721,48.45373155074839
13.853235490326885,69.87601,48.73332,67.27068996061786,48.46967278762883
13.889259506337558,90.026215,59.413406,67.30303542222676,48.48566491592575
13.92528352234823,91.29399,63.01921,67.3353519756394,48.50170796739021
13.961307538358906,67.267746,47.722847,67.36763960635993,48.51780196755733
13.99733155436958,66.251755,47.531487,67.39989830341024,48.5339469357656
14.033355570380253,88.24255,57.725243,67.43212805931859,48.550142885176804
14.069379586390927,62.820454,47.043148,67.46432887010792,48.56638982279674
14.105403602401601,62.73942,47.02825,67.49650073528379,48.5826877494964
14.141427618412274,68.796814,48.188347,67.52864365782186,48.59903666003403
14.177451634422948,92.12008,66.33395,67.56075764415505,48.615436543077685
14.213475650433622,64.82164,47.33366,67.59284270416042,48.631887381228495
14.249499666444295,59.841995,46.123955,67.62489885114552,48.64838915104457
14.28552368245497,77.25728,57.37197,67.65692610183449,48.66494182306553
14.321547698465643,79.44801,57.878082,67.68892447635375,48.68154536183771
14.357571714476316,76.39547,56.863194,67.7208939982174,48.69819972593991
14.393595730486991,87.33865,57.429527,67.75283469431221,48.714904868009846
14.429619746497664,62.4294,46.967644,67.78474659488218,48.73166073477119
14.46564376250834,91.37279,63.354008,67.816629733513,48.748467267061216
14.501667778519012,91.049194,62.049133,67.84848414711587,48.765324399859054
14.537691794529685,90.173035,59.67565,67.88030987591118,48.78223206231455
14.57371581054036,73.6677,53.379017,67.91210696341182,48.79919017777769
14.609739826551033,77.249405,57.368324,67.94387545640606,48.8161986638287
14.645763842561708,80.15135,57.888752,67.97561540494023,48.83325743230861
14.681787858572381,83.94881,57.46496,68.00732686230091,48.8503663893505
14.717811874583054,108.97946,67.269,68.03900988499706,48.86752543541122
14.753835890593729,90.77887,61.139618,68.07066453274146,48.884734465303794
14.789859906604402,96.19858,69.64244,68.10229086843219,48.90199336823025
14.825883922615077,108.233795,66.22717,68.13388895813358,48.91930202781516
14.86190793862575,107.11398,65.79105,68.16545887105693,48.936660322139524
14.897931954636423,95.94585,69.66956,68.19700067954082,48.95406812377543
14.933955970647098,69.41282,48.47092,68.22851445903132,48.97152529982105
14.969979986657771,103.511894,66.6853,68.26000028806169,48.98903171193629
15.006004002668446,90.42824,60.208614,68.2914582482319,49.00658721637892
15.042028018679119,95.237015,69.67156,68.32288842418782,49.02419166404118
15.078052034689792,99.81618,68.426125,68.35429090360013,49.041844900487014
15.114076050700467,70.455025,49.13498,68.38566577714292,49.05954676598966
15.15010006671114,101.509,67.62091,68.41701313847204,49.077297095569875
15.186124082721815,63.73288,47.189407,68.44833308420317,49.09509571903455
15.222148098732488,92.998146,68.30362,68.47962571388953,49.112942461015884
15.25817211474316,80.008644,57.890663,68.51089112999951,49.13083714101096
15.294196130753836,86.428856,57.31406,68.5421294378938,49.148779573421876
15.330220146764509,100.82977,67.948814,68.57334074580241,49.16676956759631
15.366244162775184,96.847244,69.52318,68.60452516480137,49.184806927868514
15.402268178785857,74.652145,54.969982,68.63568280878923,49.20289145360079
15.43829219479653,61.066086,46.612896,68.6668137944632,49.221022939225435
15.474316210807205,92.36841,67.052155,68.6979182412951,49.239201174287075
15.510340226817878,88.572655,57.898685,68.72899627150717,49.25742594348545
15.546364242828552,77.57456,57.50553,68.76004801004743,49.27569702671868
15.582388258839226,70.86509,49.477745,68.7910735845649,49.29401419912685
15.618412274849899,73.710464,53.452335,68.82207312538469,49.31237723113611
15.654436290860573,91.25897,62.87323,68.8530467654827,49.33078588850309
15.690460306871246,102.26785,67.256035,68.8839946404601,49.34923993235978
15.726484322881921,86.29464,57.30802,68.91491688851777,49.36773911925881
15.762508338892594,66.691666,47.606483,68.94581365043027,49.38628320121902
15.798532354903267,67.401405,47.75348,68.97668506951979,49.404871925771566
15.834556370913942,89.673546,58.889763,69.00753129162979,49.423505036006205
15.870580386924615,75.80003,56.360825,69.03835246509846,49.44218227061815
15.90660440293529,89.972694,59.32484,69.06914874073199,49.4609033639551
15.942628418945963,107.98245,66.0575,69.09992027177759,49.47966804606476
15.978652434956636,60.397987,46.370056,69.1306672138964,49.498476042742645
16.01467645096731,90.2498,59.824986,69.16138972513609,49.517327075580184
16.050700466977986,76.785515,57.122295,69.19208796590343,49.53622086201325
16.086724482988657,103.911285,66.51577,69.2227620989365,49.55515711537092
16.122748498999332,74.90802,55.329956,69.25341228927684,49.574135544924616
16.158772515010007,92.933075,68.20419,69.28403870424144,49.593155855937525
16.19479653102068,70.27634,49.001396,69.31464151339442,49.612217749714326
16.230820547031353,87.874054,57.57702,69.3452208885187,49.63132092365123
16.266844563042028,92.40972,67.15736,69.3757770035874,49.65046507128627
16.3028685790527,98.88393,68.835434,69.40631003473513,49.669649882349894
16.338892595063374,78.39067,57.743687,69.43682016022915,49.68887504281587
16.37491661107405,102.309204,67.23637,69.46730756044025,49.7081402349524
16.41094062708472,79.44081,57.87769,69.49777241781366,49.7274451373735
16.4469646430954,85.28304,57.327034,69.52821491683973,49.74678942509067
16.48298865910607,60.90506,46.55918,69.55863524402437,49.76617276956477
16.51901267511674,70.797195,49.41732,69.58903358785956,49.785594838758215
16.55503669112742,73.06592,52.350796,69.61941013879361,49.805055297187245
16.59106070713809,67.66361,47.81824,69.64976508920122,49.82455380597459
16.627084723148766,77.43954,57.45182,69.68009863335362,49.84409002290225
16.66310873915944,94.51079,69.52278,69.71041096738838,49.86366360246452
16.699132755170112,106.62866,65.7784,69.74070228927923,49.8832741959212
16.735156771180787,88.09761,57.66174,69.77097279880577,49.902921451351034
16.77118078719146,89.39226,58.558678,69.80122269752297,49.92260501370529
16.807204803202133,61.616455,46.775974,69.83145218873068,49.942324524861576
16.843228819212808,106.319016,65.804054,69.861661477443,49.96207962367779
16.879252835223483,62.7649,47.032974,69.89185077035752,49.981869946046245
16.915276851234154,64.595535,47.3048,69.92202027582451,50.00169512494799
16.95130086724483,104.239914,66.38359,69.95217020381605,50.02155479050722
16.987324883255503,99.524216,68.55829,69.98230076589496,50.04144857004587
17.023348899266175,90.66366,60.804863,70.01241217518383,50.06137608813841
17.059372915276853,72.28844,51.132133,70.04250464633375,50.08133696666661
17.095396931287524,94.44414,69.499176,70.07257839549322,50.10133082487461
17.131420947298196,68.64038,48.1269,70.1026336402768,50.12135727942398
17.167444963308874,92.69243,67.78257,70.13267059973377,50.14141594444899
17.203468979319545,94.68503,69.57575,70.16268949431668,50.161506431611855
17.23949299533022,70.26659,48.994358,70.19269054585003,50.18162835015824
17.275517011340895,104.274055,66.370285,70.22267397749856,50.201781306972734
17.311541027351566,79.4138,57.876167,70.25264001373584,50.22196490663441
17.34756504336224,81.50524,57.79402,70.28258888031266,50.24217875147257
17.383589059372916,93.096344,68.44329,70.31252080422526,50.26242244162243
17.419613075383587,77.229965,57.35925,70.34243601368378,50.282695575080915
17.455637091394262,65.51477,47.42392,70.37233473808054,50.30299774776258
17.491661107404937,69.378174,48.45314,70.40221720795822,50.323328553555456
17.52768512341561,87.4516,57.454853,70.43208365497816,50.34368758437701
17.563709139426283,81.048904,57.83896,70.46193431188858,50.36407443023016
17.599733155436958,88.20528,57.70822,70.49176941249277,50.384488679259256
17.63575717144763,83.776,57.488,70.5215891916173,50.40492991780611
17.671781187458304,83.94396,57.46559,70.55139388508013,50.425397730466074
17.70780520346898,65.93984,47.48374,70.5811837296589,50.44589170014407
17.74382921947965,70.21596,48.95827,70.61095896305905,50.46641140811064
17.77985323549033,82.9376,57.606106,70.64071982388195,50.48695643405803
17.815877251501,89.321144,58.485,70.6704665515932,50.50752635615619
17.85190126751167,62.5077,46.98352,70.70019938649072,50.52812075110882
17.88792528352235,73.66999,53.382942,70.72991856967309,50.548739194209354
17.92394929953302,64.68513,47.31625,70.75962434300762,50.569381259396906
17.959973315543696,87.32826,57.427334,70.78931694909873,50.59004651931221
17.99599733155437,65.08573,47.367462,70.8189966312562,50.61073454535351
18.032021347565042,91.49481,63.88324,70.84866363346346,50.631444907732345
18.068045363575717,75.22975,55.742268,70.87831820034592,50.65217717552934
18.10406937958639,71.975784,50.701736,70.90796057713942,50.67293091674991
18.140093395597063,76.896385,57.1869,70.93759100965855,50.69370569837988
18.176117411607738,102.75618,67.02618,70.96720974426522,50.71450108644102
18.212141427618413,74.49072,54.72918,70.99681702783707,50.73531664604656
18.248165443629084,85.680405,57.30765,71.0264131077361,50.75615194145651
18.28418945963976,108.2257,66.22078,71.0559982317773,50.777006536132994
18.320213475650434,75.2616,55.78057,71.08557264819726,50.797879992795366
18.356237491661105,96.17354,69.64566,71.11513660562296,50.81877187347533
18.39226150767178,75.10692,55.590275,71.1446903530406,50.83968173957187
18.428285523682455,86.42436,57.31382,71.17423413976437,50.86060915190608
18.464309539693126,82.18588,57.71076,71.2037682154055,50.88155367077586
18.500333555703804,85.36704,57.321854,71.23329282984128,50.9025148560105
18.536357571714476,92.37315,67.064415,71.26280823318406,50.923492267025075
18.572381587725147,97.39812,69.37628,71.29231467575056,50.94448546287478
18.608405603735825,86.3952,57.31232,71.32181240803106,50.96549400230903
18.644429619746496,88.03941,57.6382,71.35130168065882,50.98651744382538
18.68045363575717,81.61376,57.781876,71.38078274437946,51.007555345723446
18.716477651767846,109.1712,67.82467,71.41025585002058,51.02860726615844
18.752501667778517,94.671165,69.571976,71.43972124846135,51.049672763194685
18.788525683789192,105.836685,65.88438,71.46917919060236,51.07075139485889
18.824549699799867,60.13468,46.258873,71.49862992733536,51.09184271919322
18.86057371581054,106.91206,65.7769,71.52807370951331,51.112946294308216
18.896597731821213,78.7502,57.80835,71.55751078792044,51.13406167843551
18.932621747831888,90.17346,59.676453,71.58694141324241,51.15518842998029
18.96864576384256,75.03909,55.503464,71.6163658360367,51.17632610757363
19.004669779853234,63.017246,47.07784,71.64578430670304,51.197474270124516
19.04069379586391,87.971695,57.612152,71.67519707545384,51.21863247687174
19.07671781187458,83.36291,57.545387,71.70460439228506,51.23980028743551
19.112741827885255,76.465996,56.913887,71.73400650694697,51.260977261868845
19.14876584389593,98.47157,69.0022,71.76340366891506,51.28216296070874
19.1847898599066,63.293552,47.123356,71.79279612736119,51.30335694502709
19.22081387591728,91.36345,63.313972,71.8221841311248,51.324558776481325
19.25683789192795,67.70365,47.828712,71.85156792868428,51.34576801736489
19.292861907938622,108.97833,67.26634,71.88094776812854,51.36698423065733
19.3288859239493,76.536995,56.963158,71.91032389712865,51.388206980074266
19.364909939959972,89.993866,59.35945,71.93969656290965,51.409435830116955
19.400933955970647,90.68078,60.852715,71.96906601222257,51.430670346121694
19.43695797198132,84.48042,57.39982,71.99843249131655,51.45191009430888
19.472981987991993,104.75719,66.192154,72.0277962459111,51.47315464183182
19.509006004002668,75.93179,56.48401,72.05715752116868,51.49440355682521
19.545030020013343,74.25791,54.3652,72.08651656166715,51.51565640845342
19.581054036024014,95.47139,69.68443,72.11587361137275,51.53691276695832
19.61707805203469,66.915474,47.648926,72.1452289136129,51.55817220370699
19.653102068045364,64.950615,47.35013,72.17458271104948,51.579434291238975
19.689126084056035,99.93589,68.37108,72.20393524565206,51.600698603313326
19.72515010006671,69.47873,48.505417,72.23328675867144,51.62196471495526
19.761174116077385,70.85028,49.464436,72.26263749061329,51.64323220250256
19.797198132088056,107.775665,65.95579,72.29198768121202,51.66450064365156
19.83322214809873,93.13153,68.49046,72.3213375694049,51.685769617502935
19.869246164109406,96.121155,69.65203,72.35068739330617,51.707038704607044
19.905270180120077,87.57619,57.48619,72.38003739018156,51.728307487008976
19.941294196130755,90.154015,59.639984,72.40938779642289,51.74957554829328
19.977318212141427,108.58771,66.58643,72.43873884752287,51.77084247362827
20.0133422281521,92.21913,66.63875,72.46809077805014,51.792107849810115
20.049366244162776,91.19661,62.61863,72.49744382162447,51.81337126530645
20.085390260173448,99.95255,68.36338,72.52679821089218,51.83463231029966
20.121414276184122,60.347546,46.349476,72.55615417750177,51.85589057672987
20.157438292194797,89.694115,58.916718,72.58551195207974,51.87714565833746
20.19346230820547,64.39439,47.278908,72.61487176420667,51.898397150705335
20.229486324216143,63.84976,47.205925,72.64423384239339,51.9196446513007
20.265510340226818,86.998276,57.36927,72.67359841405755,51.940887759516556
20.30153435623749,61.12748,46.632626,72.7029657055002,51.96212607671275
20.337558372248164,89.4724,58.646294,72.7323359418828,51.983359206256694
20.37358238825884,85.695496,57.30719,72.7617093472042,52.00458675356365
20.40960640426951,71.49108,50.110435,72.79108614427813,52.025808326136655
20.445630420280185,91.66434,64.61559,72.82046655471065,52.04702353360606
20.48165443629086,94.34387,69.45993,72.84985079887795,52.068231987768606
20.51767845230153,97.142685,69.44894,72.87923909590448,52.08943330262621
20.55370246831221,87.99004,57.61907,72.90863166364103,52.11062709442426
20.58972648432288,62.495224,46.981018,72.93802871864332,52.13181298168951
20.625750500333552,85.49915,57.314842,72.9674304761507,52.15299058526762
20.66177451634423,80.33759,57.883514,72.99683715006502,52.17415952836023
20.697798532354902,92.62985,67.657394,73.02624895292988,52.19531943656163
20.733822548365577,70.42611,49.112743,73.05566609591004,52.21646993789506
20.76984656437625,84.324425,57.417862,73.08508878877103,52.23761066284848
20.805870580386923,83.71477,57.496323,73.11451723985911,52.258741244410054
20.841894596397598,59.839375,46.122692,73.14395165608136,52.27986131810307
20.877918612408273,100.65938,68.03047,73.17339224288608,52.30097052202055
20.913942628418944,83.208374,57.56737,73.20283920424339,52.32206849685934
20.94996664442962,100.0634,68.31197,73.23229274262619,52.343154885953815
20.985990660440294,64.75923,47.325703,73.26175305899119,52.36422933530914
21.022014676450965,88.327545,57.7659,73.29122035276032,52.38529149363405
21.05803869246164,106.79958,65.77472,73.32069482180233,52.406341012373254
21.094062708472315,91.09119,62.20636,73.35017666241477,52.427377545739354
21.130086724482986,77.039,57.26452,73.37966606930593,52.448400750744305
21.16611074049366,108.69649,66.736824,73.40916323557741,52.469410287230474
21.202134756504336,60.147415,46.26447,73.43866835270663,52.49040581790121
21.238158772515007,70.53592,49.198494,73.46818161052981,52.51138700835097
21.274182788525685,109.16109,67.78894,73.4977031972251,52.532353527094976
21.310206804536357,67.29219,47.728336,73.52723329929597,52.55330504559847
21.346230820547028,77.498215,57.47571,73.55677210155487,52.57424123830544
21.382254836557706,69.952415,48.781338,73.58631978710727,52.595161782666935
21.418278852568378,109.23152,68.058586,73.61587653733571,52.61606635916888
21.454302868579052,97.67729,69.28889,73.64544253188441,52.63695465135948
21.490326884589727,61.88685,46.845615,73.67501794864387,52.657826345876096
21.5263509006004,88.07303,57.651665,73.70460296373591,52.6786811324717
21.562374916611073,91.84337,65.347855,73.73419775149898,52.699518704040834
21.59839893262175,97.819046,69.24161,73.7638024844736,52.72033875664514
21.63442294863242,60.637165,46.46319,73.79341733338818,52.74114098953836
21.670446964643094,90.533325,60.46108,73.82304246714509,52.76192510519089
21.70647098065377,102.37935,67.20309,73.852678052807,52.7826908093139
21.74249499666444,90.95332,61.70615,73.88232425558343,52.80343781088291
21.778519012675115,90.142395,59.618473,73.91198123881766,52.82416582216095
21.81454302868579,72.07845,50.83886,73.94164916397385,52.844874558721166
21.85056704469646,63.339672,47.130627,73.97132819062446,52.86556373946906
21.886591060707136,106.090744,65.836555,74.00101847643796,52.88623308666417
21.92261507671781,91.19957,62.630554,74.03072017716667,52.90688232594125
21.958639092728482,75.1933,55.697865,74.06043344663516,52.92751118633103
21.99466310873916,73.36992,52.867035,74.09015843672859,52.94811940028055
22.030687124749832,59.97834,46.18834,74.11989529738159,52.96870670367276
22.066711140760507,104.58249,66.254265,74.14964417656728,52.989272835846016
22.10273515677118,93.471085,68.877754,74.17940522028654,53.00981753961271
22.138759172781853,97.94429,69.19832,74.20917857255773,53.03034056127773
22.174783188792528,74.18652,54.250084,74.2389643754064,53.05084165065621
22.210807204803203,66.897644,47.645424,74.2687627688556,53.071320561090936
22.246831220813874,101.69692,67.5301,74.29857389091613,53.09177704946917
22.28285523682455,107.99879,66.066864,74.32839787757747,53.112210876239104
22.318879252835224,77.5509,57.49644,74.3582348627985,53.132621805425686
22.354903268845895,93.02741,68.34651,74.38808497849894,53.15300960464607
22.39092728485657,103.23123,66.80925,74.41794835455076,53.173374045124554
22.426951300867245,71.173195,49.771584,74.44782511877006,53.19371490170698
22.462975316877916,86.28685,57.307743,74.4777153969091,53.21403195287475
22.49899933288859,91.41611,63.540955,74.50761931264869,53.23432498075823
22.535023348899266,90.98685,61.823547,74.53753698759076,53.254593771149786
22.57104736490994,109.02727,67.38749,74.56746854125133,53.27483811351626
22.607071380920612,98.192055,69.10881,74.59741409105366,53.29505780101097
22.643095396931287,65.541695,47.427567,74.6273737523217,53.31525263048528
22.67911941294196,70.486595,49.159534,74.65734763827383,53.33542240249961
22.715143428952633,99.25664,68.67647,74.68733586001687,53.35556692133399
22.751167444963308,92.77989,67.94629,74.71733852654035,53.375685994998165
22.787191460973983,72.92796,52.12182,74.74735574471104,53.39577943524118
22.823215476984654,68.43725,48.052586,74.77738761926786,53.415847057560484
22.85923949299533,108.792175,66.89052,74.80743425281689,53.435888681210535
22.895263509006003,65.111694,47.37081,74.8374957458268,53.45590412921101
22.93128752501668,80.72796,57.86345,74.86757219662445,53.4758932283544
22.96731154102735,86.27493,57.307335,74.89766370139088,53.49585580921325
23.003335557038024,108.9266,67.14965,74.92777035415745,53.51579170614686
23.0393595730487,90.42641,60.204388,74.95789224680227,53.53570075730747
23.07538358905937,61.57305,46.764187,74.98802946904705,53.55558280464607
23.111407605070045,84.64991,57.38144,75.01818210845397,53.575437693917664
23.14743162108072,60.062675,46.226814,75.04835025042306,53.59526527468606
23.18345563709139,91.39406,63.445595,75.07853397818967,53.615065400328184
23.219479653102066,72.29997,51.148727,75.10873337282231,53.634837928037996
23.25550366911274,96.78804,69.53668,75.13894851322074,53.654582718829815
23.291527685123416,72.736084,51.81124,75.1691794761143,53.67429963754125
23.327551701134087,103.11453,66.861786,75.1994263360605,53.69398855283567
23.363575717144762,105.00918,66.10778,75.22968916544392,53.71364933720417
23.399599733155437,77.25473,57.37079,75.25996803447538,53.73328186696708
23.43562374916611,76.58755,56.997185,75.29026301119126,53.75288602227501
23.471647765176783,83.2125,57.56678,75.32057416145328,53.77246168710946
23.507671781187458,74.66855,54.993874,75.35090154894831,53.79200874928294
23.54369579719813,98.0049,69.17688,75.38124523518863,53.81152710043861
23.579719813208804,87.03318,57.374413,75.4116052795124,53.83101663604951
23.61574382921948,65.07935,47.366642,75.4419817390843,53.85047725541734
23.651767845230154,69.02798,48.286415,75.47237466889652,53.86990886167068
23.687791861240825,65.215256,47.38423,75.50278412176999,53.88931136176293
23.7238158772515,108.0334,66.08742,75.53321014835592,53.90868466646964
23.759839893262175,94.31137,69.4462,75.56365279713741,53.92802869038549
23.795863909272846,107.57962,65.88449,75.5941121144315,53.947343351920765
23.83188792528352,94.897156,69.624596,75.62458814439142,53.96662857329743
23.867911941294196,100.7065,68.007935,75.65508092900913,53.98588428054474
23.903935957304867,92.35725,67.023056,75.68559050811788,54.005110403494406
23.939959973315542,94.18422,69.38751,75.71611691939545,54.024306875775345
23.975983989326217,101.72847,67.51486,75.74666019836712,54.04347363480794
24.01200800533689,95.8431,69.676994,75.77722037840942,54.06261062179796
24.048032021347563,61.723045,46.80419,75.80779749075364,54.08171778172994
24.084056037358238,106.574036,65.78123,75.83839156448991,54.10079506336024
24.120080053368913,108.751526,66.8225,75.8690026265714,54.11984241920956
24.156104069379584,60.43008,46.382977,75.89963070181875,54.138859805555136
24.19212808539026,108.57575,66.57127,75.93027581292483,54.157847182422465
24.228152101400934,64.26614,47.26218,75.96093798045955,54.1768045135766
24.264176117411605,71.689354,50.34118,75.99161722287513,54.195731766513056
24.30020013342228,101.43974,67.65442,76.02231355651153,54.2146289124483
24.336224149432955,100.57817,68.069244,76.05302699560197,54.2334959263098
24.37224816544363,74.50287,54.74765,76.08375755227887,54.25233278672569
24.4082721814543,102.601295,67.09846,76.11450523657996,54.27113947601404
24.444296197464976,95.039154,69.648605,76.14527005645462,54.28991598017168
24.48032021347565,80.72862,57.863403,76.17605201777035,54.308662288862664
24.51634422948632,62.415585,46.9648,76.20685112431966,54.32737839540633
24.552368245496996,88.9239,58.13536,76.23766737782702,54.346064296764936
24.58839226150767,64.06153,47.234978,76.26850077795613,54.36471999353094
24.624416277518346,104.307014,66.35753,76.29935132231728,54.38334548991387
24.660440293529017,101.23044,67.75564,76.33021900647513,54.401940793726816
24.696464309539692,73.213745,52.60025,76.36110382395654,54.42050591637252
24.732488325550367,66.00879,47.493973,76.39200576625869,54.43904087282912
24.76851234156104,89.58458,58.777718,76.42292482285735,54.457545681635494
24.804536357571713,70.43822,49.122025,76.45386098121551,54.47602036487624
24.840560373582388,69.982025,48.80033,76.48481422679204,54.49446494816626
24.87658438959306,78.67741,57.79699,76.51578454305061,54.51287946063501
24.912608405603734,91.83649,65.32091,76.546771911469,54.53126393491039
24.94863242161441,64.95546,47.350746,76.57777631154823,54.5496184071022
24.984656437625084,71.93901,50.653633,76.60879772082235,54.567942916785356
25.020680453635755,65.86787,47.47324,76.63983611486807,54.58623750698264
25.05670446964643,92.43127,67.21072,76.67089146731476,54.60450222414718
25.092728485657105,90.68312,60.85933,76.70196374985461,54.62273711814453
25.128752501667776,80.35068,57.883034,76.73305293225299,54.64094224223441
25.16477651767845,90.47276,60.313026,76.76415898235902,54.65911765305217
25.200800533689126,73.8731,53.729454,76.79528186611627,54.677263410589816
25.236824549699797,77.55532,57.498146,76.82642154757373,54.695379578176755
25.272848565710472,91.09712,62.228897,76.85757798889692,54.713466222460234
25.308872581721147,105.5641,65.94757,76.8887511503792,54.73152341338541
25.34489659773182,82.168396,57.713078,76.91994099045326,54.74955122417511
25.380920613742493,96.435326,69.60661,76.95114746570275,54.76754973130924
25.416944629753168,94.53585,69.531166,76.9823705308742,54.785519014503976
25.452968645763843,88.86307,58.089996,77.01361013888904,54.80345915669052
25.488992661774514,77.83441,57.596706,77.0448662408557,54.821370243993606
25.52501667778519,73.236725,52.639343,77.07613878608214,54.83925236570973
25.561040693795864,107.81581,65.973236,77.10742772208832,54.857105614285025
25.597064709806535,78.99194,57.840218,77.13873299461889,54.874930085292824
25.63308872581721,90.56072,60.53042,77.17005454765615,54.892725877411046
25.669112741827885,75.884094,56.44023,77.201392323433,54.91049309239911
25.70513675783856,77.1286,57.31024,77.23274626244626,54.92823183507474
25.74116077384923,81.77484,57.76297,77.26411630346999,54.945942213290365
25.777184789859906,104.22193,66.390625,77.29550238356903,54.9636243379093
25.81320880587058,71.02401,49.62521,77.32690443811263,54.981278322781634
25.84923282188125,91.43157,63.60803,77.35832240078841,54.99890428471983
25.885256837891927,95.125946,69.660126,77.38975620361626,55.0165023434741
25.9212808539026,106.54651,65.78294,77.42120577696248,55.03407262170749
25.957304869913273,83.06877,57.587334,77.45267104955416,55.05161524497069
25.993328885923948,103.004105,66.91198,77.48415194849349,55.06913034167661
26.029352901934622,86.875885,57.35296,77.51564839927244,55.086618043074736
26.065376917945297,83.05893,57.588745,77.54716032578744,55.104078483225145
26.10140093395597,83.46822,57.530525,77.57868765035423,55.12151179897237
26.137424949966643,108.08395,66.119225,77.61023029372282,55.138918129919006
26.173448965977318,63.58079,47.167305,77.64178817509273,55.15629761839902
26.20947298198799,89.38669,58.552773,77.67336121212811,55.17365040945091
26.245496997998664,108.690865,66.72847,77.70494932097321,55.19097665079058
26.28152101400934,73.95118,53.861115,77.73655241626787,55.20827649278404
26.31754503002001,83.51262,57.5243,77.76817041116314,55.225550088419816
26.353569046030685,91.512886,63.962044,77.79980321733711,55.242797593281225
26.38959306204136,98.40002,69.03002,77.8314507450107,55.2600191655184
26.425617078052035,99.7871,68.439415,77.86311290296368,55.27721496582007
26.461641094062706,77.459274,57.459953,77.89478959855084,55.29438515738525
26.49766511007338,75.331985,55.863655,77.92648073771817,55.31152990589457
26.533689126084056,68.97483,48.26307,77.95818622501916,55.32864937948157
26.569713142094727,108.617355,66.62514,77.98990596363133,55.345743748703704
26.605737158105402,75.59129,56.1508,78.02163985537271,55.3628131865132
26.641761174116077,87.94819,57.60343,78.05338780071851,55.3798578682277
26.677785190126748,88.749664,58.010506,78.0851496988179,55.39687797150077
26.713809206137423,81.34161,57.811344,78.11692544751084,55.41387367629222
26.749833222148098,84.76715,57.36956,78.14871494334501,55.4308451648382
26.785857238158773,73.57217,53.214813,78.18051808159291,55.44779262162126
26.821881254169444,94.08592,69.336395,78.21233475626892,55.46471623334007
26.85790527018012,90.851524,61.366608,78.24416486014658,55.48161618887917
26.893929286190794,96.14155,69.64961,78.27600828477591,55.49849267927843
26.929953302201465,65.72508,47.45289,78.30786492050072,55.515345897702375
26.96597731821214,64.80665,47.33175,78.3397346564762,55.53217603940949
27.002001334222815,69.514786,48.524673,78.37161738068639,55.548983301721236
27.038025350233486,103.56291,66.66317,78.40351297996185,55.565767883990965
27.07404936624416,78.61897,57.78725,78.43542133999733,55.58252998757279
27.110073382254836,108.37656,66.35202,78.46734234536967,55.599269815790215
27.14609739826551,67.16323,47.69993,78.49927587955546,55.61598757390471
27.182121414276182,72.97366,52.197197,78.53122182494911,55.63268346908415
27.218145430286857,89.93677,59.267353,78.56318006288082,55.649357710371106
27.25416944629753,100.23461,68.23191,78.59515047363449,55.66601050865111
27.290193462308203,94.63124,69.5607,78.62713293646603,55.68264207662071
27.326217478318878,77.33009,57.404915,78.65912732962136,55.699252628755495
27.362241494329552,73.97333,53.89826,78.6911335303547,55.715842381278
27.398265510340224,91.524704,64.01352,78.72315141494688,55.7324115521255
27.4342895263509,107.013916,65.78232,78.75518085872359,55.74896036091774
27.470313542361573,97.71262,69.277275,78.78722173607376,55.76548902892458
27.50633755837225,71.18136,49.77982,78.81927392046804,55.781997779033524
27.54236157438292,85.02605,57.346073,78.8513372844772,55.79848683571721
27.578385590393594,95.80946,69.67895,78.8834116997907,55.81495642500084
27.61440960640427,107.06502,65.78634,78.91549703723517,55.83140677442943
27.65043362241494,73.80681,53.616898,78.94759316679301,55.8478381130352
27.686457638425615,74.49812,54.740444,78.97969995762102,55.86425067130468
27.72248165443629,95.28337,69.67529,79.01181727806906,55.88064468114591
27.758505670446965,62.302025,46.940937,79.04394499569867,55.89702037585553
27.794529686457636,83.24202,57.562572,79.07608297730181,55.913377990085856
27.83055370246831,75.65033,56.212082,79.10823108891962,55.92971775981183
27.866577718478986,93.46611,68.87289,79.1403891958611,55.946039922298056
27.902601734489657,89.843925,59.12573,79.17255716272196,55.962344716065694
27.938625750500332,89.38074,58.54648,79.20473485340332,55.97863238085937
27.974649766511007,94.69672,69.57887,79.23692213113061,55.99490315761405
28.01067378252168,100.69043,68.015625,79.26911885847232,56.011157288421884
28.046697798532353,80.62247,57.869995,79.30132489735887,56.02739501649905
28.082721814543028,96.78681,69.53696,79.33354010910139,56.04361658615256
28.118745830553703,92.98937,68.29054,79.36576435441067,56.05982224274707
28.154769846564374,88.21269,57.71157,79.3979974934159,56.07601223267166
28.19079386257505,104.55353,66.264824,79.43023938568356,56.092186803306646
28.226817878585724,90.45687,60.275326,79.46248989023633,56.108346202990376
28.262841894596395,64.24977,47.26003,79.49474886557181,56.124490680986
28.29886591060707,92.2016,66.58662,79.52701616968152,56.14062048744832
28.334889926617745,94.81251,69.60705,79.55929166006958,56.15673587339056
28.370913942628416,84.18933,57.434258,79.59157519377165,56.17283709065125
28.40693795863909,107.67827,65.9176,79.6238666273737,56.18892439186105
28.442961974649766,80.38931,57.881535,79.65616581703082,56.20499803040965
28.47898599066044,69.65707,48.603363,79.688472618486,56.221058260412654
28.515010006671112,95.539986,69.68551,79.72078688708889,56.237105336678546
28.551034022681787,95.196335,69.667786,79.75310847781456,56.25313951467566
28.58705803869246,102.68201,67.06071,79.78543724528224,56.26916105049919
28.623082054703133,78.28122,57.719532,79.81777304377397,56.28517020083825
28.659106070713808,60.184776,46.280754,79.85011572725331,56.30116722294299
28.695130086724483,90.20094,59.72892,79.882465149384,56.31715237459175
28.731154102735154,74.76298,55.129288,79.91482116354852,56.33312591405826
28.76717811874583,69.83387,48.70744,79.94718362286673,56.34908810007893
28.803202134756503,65.2345,47.38674,79.97955238021434,56.36503919182017
28.83922615076718,88.59566,57.91242,80.01192728824151,56.38097944884582
28.87525016677785,84.237495,57.428337,80.04430819939121,56.39690913108457
28.911274182788524,90.82439,61.280334,80.07669496591777,56.41282849879753
28.9472981987992,80.953545,57.846912,80.10908743990512,56.428737812545855
28.98332221480987,90.03496,59.428215,80.14148547328524,56.44463733315844
29.019346230820545,96.37332,69.61691,80.17388891785644,56.4605273216997
29.05537024683122,90.58339,60.588936,80.2062976253015,56.476408039437445
29.09139426284189,94.82645,69.61011,80.23871144720596,56.49227974781081
29.127418278852566,70.6093,49.257812,80.27113023507623,56.508142708398395
29.16344229486324,86.12115,57.30362,80.30355384035762,56.52399718288634
29.199466310873916,61.838905,46.83373,80.33598211445243,56.539843433036616
29.235490326884587,60.43497,46.384933,80.36841490873786,56.55568172065536
29.271514342895262,63.404472,47.140697,80.4008520745839,56.571512307561406
29.307538358905937,83.94167,57.465893,80.43329346337123,56.58733545555481
29.34356237491661,92.522484,67.4257,80.46573892650893,56.603151426385566
29.379586390927283,92.51,67.39729,80.49818831545221,56.618960481722425
29.415610406937958,108.05853,66.10296,80.53064148172001,56.63476288312184
29.45163442294863,96.473976,69.59988,80.5630982769126,56.65055889199701
29.487658438959304,61.0614,46.611374,80.59555855272907,56.666348769587096
29.52368245496998,68.319565,48.012188,80.62802216098471,56.682132776926515
29.559706470980654,80.17167,57.88833,80.66048895362837,56.69791117481443
29.595730486991325,68.16829,47.962936,80.69295878275975,56.71368422378433
29.631754503002,89.14569,58.318398,80.72543150064648,56.72945218407376
29.667778519012675,91.67175,64.64703,80.75790695974136,56.74521531559421
29.703802535023346,78.880356,57.8266,80.79038501269925,56.76097387790116
29.73982655103402,95.52234,69.68534,80.82286551239406,56.77672813016424
29.775850567044696,63.234077,47.113846,80.85534831193559,56.79247833113756
29.811874583055367,91.38946,63.42578,80.88783326468624,56.80822473913021
29.847898599066042,101.31495,67.714775,80.92032022427773,56.82396761197692
29.883922615076717,89.827515,59.1017,80.95280904462767,56.839707207008836
29.91994663108739,65.60025,47.435562,80.98529957995595,56.85544378102454
29.955970647098063,102.7888,67.01104,81.01779168480122,56.87117759026116
29.991994663108738,82.1103,57.720726,81.0502852140371,56.88690889036571
30.028018679119413,75.1078,55.591385,81.08278002288846,56.90263793636655
30.064042695130084,92.25764,66.75055,81.11527596694737,56.918364982645095
30.10006671114076,99.27986,68.666336,81.14777290218919,56.93409028290762
30.136090727151434,108.27411,66.26008,81.18027068498841,56.94981409015731
30.172114743162105,75.9808,56.528023,81.21276917213447,56.965536656666465
30.20813875917278,85.66717,57.308075,81.24526822084731,56.98125823394893
30.244162775183455,95.212036,69.669304,81.27776768879306,56.9969790727326
30.28018679119413,88.420784,57.81359,81.31026743409942,57.012699422932315
30.3162108072048,90.97214,61.77169,81.34276731537102,57.02841953362275
30.352234823215476,86.11294,57.303497,81.37526719170467,57.04413965301167
30.38825883922615,83.00083,57.597057,81.40776692270438,57.05986002841321
30.42428285523682,95.86464,69.67561,81.44026636849651,57.07558090622153
30.460306871247496,87.04689,57.376495,81.47276538974452,57.091302531884594
30.49633088725817,62.42662,46.96707,81.5052638476638,57.10702514987811
30.532354903268843,96.64554,69.56717,81.53776160403628,57.122749003679786
30.568378919279517,70.91681,49.5248,81.57025852122499,57.13847433574374
30.604402935290192,89.70112,58.925987,81.60275446218844,57.15420138747507
30.640426951300867,67.14601,47.69623,81.6352492904949,57.169930399204794
30.67645096731154,108.7751,66.861435,81.66774287033658,57.185661610164836
30.712474983322213,96.87378,69.516975,81.7002350665436,57.20139525846336
30.748498999332888,103.44414,66.7149,81.73272574459797,57.217131581060244
30.78452301534356,84.784294,57.367886,81.7652147706473,57.232870813742856
30.820547031354234,108.064285,66.1066,81.7977020115185,57.248613191101974
30.85657104736491,78.99724,57.84082,81.8301873347312,57.26435894650803
30.892595063375584,75.07477,55.549374,81.8626706085113,57.280108312087485
30.928619079386255,64.54359,47.29814,81.89515170180401,57.29586151869952
30.96464309539693,106.39838,65.795334,81.92763048428715,57.311618795912906
31.000667111407605,73.51332,53.11355,81.96010682638403,57.32738037198318
31.036691127418276,94.04462,69.31332,81.99258059927632,57.34314647382997
31.07271514342895,86.21326,57.305496,82.02505167491677,57.35891732701462
31.108739159439626,85.45016,57.317276,82.05751992604176,57.374693155718084
31.144763175450297,67.23327,47.71519,82.08998522618373,57.39047418271896
31.180787191460972,80.118805,57.889355,82.12244744968353,57.406260629371914
31.216811207471647,95.78493,69.68022,82.15490647170246,57.42205271558621
31.25283522348232,74.33629,54.489784,82.18736216823437,57.43785065980461
31.288859239492993,69.699036,48.627426,82.21981441611752,57.45365467898243
31.324883255503668,69.88797,48.74074,82.25226309304622,57.46946498856693
31.360907271514343,99.45998,68.586945,82.28470807758252,57.4852818024769
31.396931287525014,80.57764,57.872536,82.31714924916756,57.50110533308252
31.43295530353569,67.27801,47.725143,82.34958648813287,57.516935791185496
31.468979319546364,66.45993,47.565716,82.38201967571152,57.53277338599944
31.505003335557035,88.98872,58.185917,82.41444869404913,57.548618325130505
31.54102735156771,102.87527,66.97107,82.44687342621464,57.564470814558284
31.577051367578385,89.114716,58.29107,82.47929375621108,57.58033105861699
31.61307538358906,103.66346,66.61994,82.51170956898608,57.59619925997689
31.64909939959973,69.495834,48.51452,82.54412075044223,57.612075619626
31.685123415610406,104.548,66.266846,82.57652718744737,57.62796033685203
31.72114743162108,76.76215,57.108192,82.60892876784463,57.64385360922466
31.75717144763175,93.71666,69.09297,82.64132538046238,57.65975563257801
31.793195463642427,91.92409,65.6556,82.673716915124,57.675666600993445
31.8292194796531,79.28415,57.867607,82.70610326265754,57.69158670678259
31.865243495663773,90.17369,59.67689,82.73848431490514,57.707516140470666
31.901267511674448,72.17386,50.969986,82.77085996473237,57.72345509078009
31.937291527685122,80.188896,57.88794,82.80323010603736,57.73940374461435
31.973315543695797,91.94896,65.7472,82.83559463375985,57.755362287042125
32.00933955970647,61.372883,46.70753,82.86795344389002,57.77133090128172
32.04536357571715,71.50158,50.12227,82.90030643347708,57.78730976868579
32.08138759172782,63.63017,47.17456,82.93265350063797,57.80329906872627
32.11741160773849,101.726776,67.515686,82.96499454456556,57.819298978979674
32.15343562374916,90.375824,60.090282,82.99732946553698,57.83530967511261
32.18945963975984,91.53073,64.03978,83.02965816492164,57.85133133086765
32.22548365577051,66.54762,47.580795,83.06198054518904,57.867364118049316
32.26150767178119,90.31019,59.948853,83.09429650991663,57.883408206510595
32.29753168779186,79.13634,57.8552,83.12660596379729,57.899463764139504
32.33355570380253,90.2213,59.7685,83.15890881264676,57.91553095684611
32.3695797198132,93.804474,69.15888,83.19120496341091,57.93160994854973
32.40560373582388,91.59376,64.31324,83.2234943241728,57.947700901166435
32.44162775183456,91.87694,65.47777,83.25577680415961,57.963803974596864
32.47765176784523,72.1156,50.8895,83.2880523137494,57.97991932671434
32.5136757838559,67.13384,47.693638,83.32032076447774,57.99604711335319
32.54969979986657,96.08626,69.65599,83.3525820690441,58.01218748829746
32.585723815877245,91.598724,64.3347,83.38483614131815,58.028340603269825
32.62174783188792,66.64534,47.59809,83.4170828963459,58.04450660792084
32.6577718478986,68.371185,48.029675,83.4493222503556,58.0606856498184
32.69379586390927,94.883026,69.62184,83.48155412076352,58.07687787443768
32.729819879919944,94.20091,69.39569,83.51377842617967,58.093083425151065
32.765843895930615,107.209564,65.802795,83.54599508641311,58.10930244321868
32.801867911941294,64.80259,47.33123,83.57820402247741,58.12553506777897
32.837891927951965,106.30962,65.805176,83.61040515659562,58.14178143583965
32.87391594396264,78.06683,57.66564,83.64259841220539,58.15804168226903
32.909939959973315,108.362,66.33818,83.67478371396365,58.17431593978745
32.945963975983986,91.44267,63.656235,83.70696098775136,58.19060433895919
32.98198799199466,95.60663,69.68545,83.73913016067792,58.20690700818453
33.018012008005336,65.882416,47.47535,83.77129116108549,58.22322407369214
33.054036024016014,93.19939,68.57742,83.8034439185532,58.23955565953179
33.090060040026685,72.13528,50.91654,83.83558836390104,58.25590188756728
33.12608405603736,91.82323,65.26865,83.86772442919381,58.272262877469785
33.16210807204803,85.487236,57.315414,83.8998520477447,58.2886387467113
33.1981320880587,105.93381,65.864746,83.9319711541188,58.30502961055852
33.23415610406938,64.528496,47.296204,83.96408168413646,58.321435582066975
33.270180120080056,103.69304,66.60733,83.99618357487647,58.337856772075384
33.30620413609073,92.60803,67.61209,84.02827676467903,58.35429328920038
33.3422281521014,62.873985,47.052788,84.06036119314868,58.370745239831514
33.37825216811207,85.33308,57.323883,84.09243680115691,58.38721272812643
33.41427618412275,94.59474,69.549835,84.12450353084473,58.40369585600652
33.45030020013342,94.49611,69.517746,84.15656132562506,58.42019472315265
33.4863242161441,73.169815,52.52574,84.18861013018487,58.43670942700133
33.52234823215477,61.110256,46.627132,84.22064989048728,58.4532400627411
33.55837224816544,82.40662,57.68091,84.25268055377344,58.469786723309205
33.59439626417611,67.73822,47.837887,84.28470206856424,58.48634949938857
33.63042028018679,63.281425,47.12143,84.31671438466189,58.50292847940499
33.66644429619746,87.61714,57.49731,84.3487174531513,58.51952374952471
33.70246831220814,108.42828,66.40341,84.38071122640136,58.53613539365221
33.73849232821881,92.11984,66.333176,84.41269565806604,58.55276349342824
33.77451634422948,73.192955,52.56496,84.44467070308528,58.569408128228254
33.810540360240154,75.71009,56.2726,84.4766363176858,58.58606937516099
33.84656437625083,66.186676,47.5212,84.50859245938167,58.60274730906738
33.88258839226151,103.15089,66.84537,84.54053908697487,58.61944200251978
33.91861240827218,66.668106,47.6022,84.57247616055547,58.636153525821385
33.95463642428285,60.40222,46.37177,84.60440364150188,58.65288194700599
33.990660440293524,76.193886,56.70839,84.63632149248077,58.669627331837994
34.0266844563042,107.47508,65.855,84.66822967744702,58.68638974381269
34.062708472314874,108.17935,66.185455,84.70012816164324,58.70316924415679
34.09873248832555,93.34307,68.74523,84.73201691159946,58.719965891829276
34.134756504336224,68.42618,48.048702,84.76389589513244,58.73677974352246
34.170780520346895,73.4466,52.99876,84.7957650813449,58.753610853663375
34.206804536357566,63.97435,47.223145,84.8276244406246,58.77045927441538
34.242828552368245,93.482086,68.88845,84.85947394464333,58.78732505568004
34.278852568378916,84.689705,57.377327,84.89131356635552,58.80420824509931
34.314876584389594,78.00832,57.649353,84.9231432799971,58.82110888805792
34.350900600400266,89.36037,58.52517,84.95496306108379,58.83802702768607
34.38692461641094,94.20148,69.39596,84.98677288640948,58.85496270486236
34.42294863242161,90.89169,61.497574,85.01857273404453,58.871915958217016
34.45897264843229,86.18367,57.30478,85.05036258333362,58.8888868241353
34.494996664442965,71.80492,50.482746,85.08214241489378,58.90587533676127
34.531020680453636,90.775856,61.130463,85.11391221061206,58.9228815280017
34.56704469646431,92.86107,68.087296,85.14567195364319,58.93990542753037
34.60306871247498,81.599075,57.783546,85.17742162840703,58.956947062792445
34.63909272848565,90.75035,61.053925,85.20916122058586,58.974006459009296
34.67511674449633,60.830315,46.53325,85.24089071712153,58.99108363918341
34.71114076050701,72.05026,50.8008,85.27261010621261,59.008178624103635
34.74716477651768,92.987236,68.287346,85.30431937731115,59.02529143235066
34.78318879252835,73.36859,52.86476,85.33601852111951,59.042422080302714
34.81921280853902,105.92935,65.865616,85.36770752958698,59.05957058214152
34.8552368245497,108.768776,66.850845,85.39938639590625,59.0767369498585
34.89126084056037,61.71777,46.80282,85.43105511450969,59.09392119326123
34.92728485657105,97.916435,69.20806,85.46271368106571,59.111123319980095
34.96330887258172,75.93578,56.487625,85.49436209247467,59.12834333547521
34.99933288859239,84.93327,57.354027,85.52600034686493,59.14558124304356
35.03535690460306,69.430305,48.479984,85.55762844358863,59.16283704382643
35.07138092061374,70.10975,48.8848,85.58924638321733,59.18011073681694
35.10740493662442,77.838104,57.597893,85.62085416753759,59.19740231886798
35.14342895263509,70.49333,49.16481,85.65245179954641,59.2147117847002
35.17945296864576,94.70233,69.58035,85.68403928344647,59.23203912691038
35.21547698465643,75.10361,55.586082,85.71561662464133,59.249384335979904
35.251501000667105,80.41974,57.880272,85.74718382973043,59.26674740028352
35.28752501667778,72.87217,52.03049,85.77874090650403,59.284128306098346
35.32354903268846,74.19339,54.261223,85.81028786393796,59.30152703761299
35.35957304869913,74.18218,54.24304,85.84182471218831,59.31894357693701
35.395597064709804,92.17143,66.495125,85.873351462586,59.33637790411051
35.431621080720475,64.59721,47.30501,85.90486812763109,59.35382999711398
35.467645096731154,68.19987,47.972977,85.9363747209872,59.37129983187834
35.503669112741825,79.73636,57.88878,85.96787125747561,59.38878738229518
35.5396931287525,91.73172,64.89813,85.99935775306935,59.40629262022724
35.575717144763175,92.2511,66.73182,86.03083422488713,59.42381551551908
35.611741160773846,100.74252,67.99068,86.0623006911872,59.44135603600794
35.64776517678452,74.028275,53.989967,86.09375717136106,59.45891414753479
35.683789192795196,88.246544,57.727093,86.125203685927,59.47648981395565
35.71981320880587,99.75615,68.453545,86.15664025652367,59.494082997153036
35.755837224816545,87.15074,57.393425,86.1880669059034,59.5116936570476
35.79186124082722,76.69203,57.06481,86.21948365792551,59.52932175161003
35.82788525683789,64.92896,47.34736,86.25089053754944,59.54696723687306
35.86390927284856,89.27333,58.437515,86.28228757082783,59.56463006694372
35.89993328885924,70.878716,49.49006,86.31367478489946,59.582310194015804
35.935957304869916,87.20424,57.40297,86.34505220798206,59.60000756838238
35.97198132088059,91.60666,64.36891,86.3764198693651,59.617722138448684
36.00800533689126,107.03839,65.784134,86.40777779940238,59.63545385074501
36.04402935290193,95.506256,69.68513,86.4391260295046,59.653202649939914
36.0800533689126,68.23434,47.984077,86.47046459213182,59.67096847885353
36.11607738492328,88.98692,58.18448,86.50179352078568,59.68875127847104
36.15210140093396,83.52255,57.52291,86.53311285000179,59.70655098795634
36.18812541694463,90.122345,59.58177,86.56442261534175,59.724367544665945
36.2241494329553,94.40691,69.48514,86.59572285338533,59.74220088416291
36.26017344896597,70.03012,48.83165,86.62701360172224,59.76005094023107
36.29619746497665,75.17955,55.680965,86.65829489894423,59.77791764488932
36.33222148098732,66.553894,47.581886,86.68956678463665,59.79580092840613
36.368245496998,108.864975,67.02371,86.72082929937025,59.813700719314205
36.40426951300867,91.55096,64.12774,86.75208248469272,59.83161694442526
36.44029352901934,91.421776,63.56553,86.78332638312025,59.84954952884501
36.476317545030014,89.36453,58.529503,86.81456103812894,59.867498395988264
36.51234156104069,94.73946,69.58985,86.8457864941461,59.88546346759418
36.54836557705137,106.4857,65.7874,86.87700279654155,59.90344466374168
36.58438959306204,78.30089,57.724037,86.90820999161873,59.92144190286496
36.62041360907271,76.54207,56.966614,86.93940812660593,59.939455101769234
36.656437625083385,72.66122,51.69296,86.97059724964711,59.95748417564652
36.692461641094056,96.79643,69.5348,87.00177740979305,59.975529038091615
36.728485657104734,62.54285,46.99052,87.03294865699203,59.99358960111821
36.76450967311541,67.375626,47.74745,87.06411104208074,60.01166577517506
36.800533689126084,78.261475,57.71494,87.0952646167749,60.0297574691624
36.836557705136755,79.11521,57.85319,87.12640943366,60.04786459044843
36.87258172114743,67.77287,47.847206,87.15754554618181,60.065987044885865
36.908605737158105,78.71129,57.80238,87.18867300863688,60.084124736828755
36.944629753168776,95.32165,69.67792,87.21979187616299,60.10227756914924
36.980653769179455,77.070885,57.28105,87.25090220472956,60.12044544325457
37.016677785190126,65.4919,47.42083,87.28200405112781,60.13862825910419
37.0527018012008,67.60761,47.803864,87.31309747296123,60.156825915226904
37.08872581721147,72.98577,52.217255,87.34418252863551,60.17503830873822
37.12474983322215,102.60158,67.09833,87.3752592773489,60.19326533535773
37.160773849232825,73.120895,52.44314,87.40632777908203,60.21150688942659
37.1967978652435,86.750656,57.33892,87.43738809458804,60.22976286392522
37.23282188125417,88.76584,58.021458,87.46844028538257,60.24803315049095
37.26884589726484,103.89983,66.52051,87.49948441373351,60.26631763943588
37.30486991327551,66.535675,47.578712,87.53052054265093,60.28461621976478
37.34089392928619,60.170826,46.274693,87.56154873587687,60.30292877919304
37.37691794529687,81.70554,57.771225,87.59256905787494,60.32125520416484
37.41294196130754,85.559296,57.312134,87.62358157382022,60.33959537987127
37.44896597731821,69.15602,48.34472,87.65458634958867,60.35794919026859
37.48498999332888,68.519165,48.081837,87.68558345174685,60.37631651809666
37.52101400933956,72.3642,51.242073,87.71657294754148,60.39469724489723
37.55703802535023,91.07444,62.14315,87.74755490488877,60.41309125103257
37.59306204136091,95.97797,69.6668,87.7785293923641,60.43149841570396
37.62908605737158,75.66506,56.227142,87.80949647919124,60.449918616970365
37.66511007338225,77.75311,57.56984,87.84045623523181,60.46835173176717
37.70113408939292,95.21683,69.669754,87.87140873097466,60.48679763592497
37.7371581054036,65.84555,47.470016,87.9023540375251,60.50525620418838
37.77318212141427,91.98027,65.86028,87.93329222659415,60.52372731023497
37.80920613742495,93.52475,68.928955,87.96422337048782,60.54221082669427
37.84523015343562,93.201996,68.58066,87.99514754209628,60.560706625166766
37.881254169446294,60.308304,46.333233,88.02606481488303,60.579214576242975
37.917278185456965,75.23153,55.744415,88.05697526287406,60.59773454952261
37.95330220146764,89.61097,58.810204,88.0878789606469,60.61626641363377
37.98932621747832,64.27618,47.263496,88.11877598331978,60.63481003625214
38.02535023348899,72.75043,51.8341,88.14966640654059,60.653365284120326
38.061374249499664,77.62056,57.52281,88.180550306476,60.671932023067114
38.097398265510336,76.89872,57.18822,88.21142775980039,60.690510118026886
38.133422281521014,76.76975,57.112797,88.24229884368494,60.709099433059
38.169446297531685,94.657684,69.56824,88.27316363578646,60.72769983136721
38.20547031354236,98.507935,68.98793,88.30402221423645,60.746311175319164
38.241494329553035,70.626236,49.271732,88.33487465763,60.76493332646588
38.277518345563706,90.3494,60.032482,88.36572104501468,60.783566145561274
38.31354236157438,72.24121,51.064697,88.39656145587946,60.802209492581724
38.349566377585056,103.509415,66.686386,88.42739597014364,60.820863226745644
38.38559039359573,92.53045,67.44365,88.4582246681456,60.83952720653304
38.421614409606406,93.36183,68.76561,88.48904763063183,60.858201289705185
38.45763842561708,75.771255,56.33296,88.51986493874564,60.876885333324196
38.49366244162775,70.82008,49.437523,88.55067667401613,60.89557919377271
38.52968645763843,100.63961,68.039925,88.58148291834699,60.9142827267735
38.5657104736491,84.704735,57.375797,88.61228375400529,60.932995787409176
38.60173448965977,64.78026,47.32838,88.64307926361036,60.951718230141815
38.63775850567045,98.422134,69.02146,88.67386953012264,60.970449908832656
38.67378252168112,91.385315,63.407906,88.70465463683249,60.989190676761766
38.70980653769179,74.11646,54.135715,88.73543466734904,61.00794038664769
38.74583055370247,92.91069,68.16864,88.76620970558896,61.026698890667156
38.78185456971314,75.74894,56.31112,88.79697983576541,61.04546604047469
38.81787858572381,89.217636,58.384216,88.82774514237678,61.064241687222335
38.85390260173449,74.48731,54.72399,88.85850571019566,61.0830256815792
38.88992661774516,88.498215,57.85579,88.8892616242575,61.10181787375118
38.92595063375583,105.00969,66.10762,88.92001296984967,61.12061811350052
38.96197464976651,106.4875,65.787254,88.9507598325003,61.13942625016542
38.99799866577718,91.82186,65.26326,88.98150229796701,61.15824213267962
39.03402268178785,95.66847,69.68445,89.01224045222604,61.17706560959195
39.07004669779853,60.162483,46.271057,89.04297438146097,61.19589652908588
39.1060707138092,91.62011,64.42674,89.07370417205178,61.21473473899898
39.14209472981988,86.021736,57.302708,89.10442991056371,61.23358008684246
39.17811874583055,82.077225,57.72504,89.13515168373624,61.25243241982054
39.214142761841224,63.15209,47.100487,89.1658695784721,61.27129158484995
39.2501667778519,100.74265,67.990616,89.19658368182624,61.290157428579214
39.28619079386257,64.14195,47.245758,89.22729408099487,61.309029797408066
39.322214809873245,90.351776,60.03763,89.25800086330449,61.3279085375067
39.35823882588392,94.228836,69.409035,89.28870411620095,61.34679349483506
39.394262841894594,73.50292,53.095657,89.31940392723858,61.36568451516204
39.430286857905266,108.063095,66.105835,89.3501003840693,61.38458144408463
39.466310873915944,92.46005,67.28045,89.38079357443166,61.40348412704708
39.502334889926615,92.62915,67.65596,89.41148358614025,61.42239240935993
39.53835890593729,108.85826,67.01076,89.44217050707462,61.44130613621904
39.574382921947965,99.17049,68.71384,89.47285442516878,61.46022515272459
39.610406937958636,66.43058,47.56076,89.50353542840021,61.47914930389989
39.64643095396931,71.08151,49.680702,89.53421360477944,61.4980784347103
39.682454969979986,69.797035,48.68516,89.56488904233913,61.51701239008204
39.71847898599066,89.78822,59.045315,89.59556182912364,61.5359510149208
39.75450300200133,84.410904,57.40773,89.62623205317828,61.55489415413054
39.79052701801201,71.84494,50.533012,89.65689980253889,61.573841652631955
39.82655103402268,64.1899,47.25213,89.6875651652212,61.59279335538107
39.86257505003336,91.41643,63.542336,89.71822822921051,61.61174910738768
39.89859906604403,70.972946,49.576897,89.74888908245107,61.6307087537337
39.9346230820547,63.28233,47.12157,89.77954781283586,61.649672139591495
39.97064709806538,93.54112,68.94409,89.81020450819614,61.66863911024212
40.00667111407605,61.28032,46.680004,89.84085925629117,61.687609511093385
40.04269513008672,97.04733,69.474106,89.87151214479798,61.70658318769807
40.0787191460974,89.51759,58.697968,89.90216326130115,61.725559985771774
40.11474316210807,85.229065,57.330647,89.9328126932826,61.74453975121085
40.15076717811874,83.33177,57.549805,89.96346052811157,61.76352233011029
40.18679119412942,67.952774,47.89765,89.99410685303445,61.78250756878136
40.22281521014009,72.9345,52.132576,90.02475175516484,61.801495313769294
40.25883922615076,91.81212,65.22459,90.0553953214736,61.82048541187082
40.29486324216144,75.106705,55.589996,90.08603763877888,61.839477710151606
40.33088725817211,108.52591,66.51072,90.11667879373627,61.85847205596364
40.36691127418278,93.44847,68.85542,90.14731887282909,61.87746829696246
40.40293529019346,84.54432,57.39273,90.17795796235856,61.8964662811244
40.43895930620413,72.1177,50.892372,90.20859614843414,61.91546585676348
40.47498332221481,73.3323,52.80255,90.23923351696388,61.934466872548576
40.51100733822548,66.83591,47.633465,90.26987015364489,61.95346917752012
40.547031354236154,107.32171,65.821144,90.30050614395384,61.97247262110691
40.58305537024683,89.26429,58.42873,90.33114157313744,61.99147705314281
40.6190793862575,71.397316,50.00657,90.3617765262031,62.010482323883146
40.655103402268175,97.1004,69.460236,90.39241108790964,62.02948828402128
40.69112741827885,67.70071,47.827938,90.42304534275794,62.04849478470484
40.727151434289524,101.77201,67.49386,90.45367937498182,62.06750167755196
40.763175450300196,72.81671,51.940514,90.48431326853886,62.08650881466732
40.799199466310874,66.95492,47.656746,90.51494710710135,62.10551604865821
40.835223482321545,69.23573,48.382534,90.54558097404731,62.12452323265025
40.87124749833222,98.47505,69.00084,90.57621495245152,62.143530220303255
40.907271514342895,85.81798,57.304234,90.6068491250767,62.16253686582679
40.943295530353566,87.33624,57.429016,90.63748357436465,62.18154302399562
40.97931954636424,98.2495,69.087364,90.6681183824276,62.200548550165195
41.015343562374916,63.80892,47.200195,90.6987536310395,62.21955330028676
41.05136757838559,109.20957,67.968925,90.72938940162744,62.23855713092257
41.08739159439626,97.583694,69.31906,90.76002577526323,62.25755989926084
41.12341561040694,93.35503,68.758255,90.79066283265483,62.276561463130605
41.15943962641761,72.26632,51.100445,90.82130065413807,62.295561681016466
41.19546364242829,70.5163,49.18291,90.85193931966838,62.314560412073185
41.23148765843896,91.655624,64.57858,90.88257890881245,62.33355751614013
41.26751167444963,81.65439,57.7772,90.91321950074027,62.35255285375565
41.30353569046031,76.016754,56.559704,90.94386117421695,62.37154628617123
41.33955970647098,100.111855,68.2894,90.97450400759476,62.390537675365586
41.37558372248165,72.69365,51.743988,91.00514807880526,62.40952688405855
41.41160773849233,76.67657,57.055027,91.0357934653515,62.4285137757249
41.447631754503,93.26558,68.65738,91.06644024430011,62.447498214607975
41.48365577051367,62.31653,46.94403,91.09708849227385,62.46648006573317
41.51967978652435,71.94115,50.656406,91.1277382854439,62.48545919492132
41.55570380253502,90.94959,61.69326,91.15838969952236,62.50443546880191
41.59172781854569,67.25657,47.720352,91.18904280975491,62.52340875482614
41.62775183455637,77.74708,57.567787,91.21969769091336,62.54237892127988
41.66377585056704,104.356155,66.33866,91.25035441728845,62.56134583729638
41.69979986657771,61.57074,46.763554,91.28101306268273,62.58030937286901
41.73582388258839,90.48378,60.339428,91.31167370040339,62.59926939886365
41.77184789859906,103.7578,66.57987,91.34233640325525,62.61822578703108
41.807871914609734,79.338486,57.871452,91.37300124353393,62.637178410019146
41.84389593062041,69.94244,48.774986,91.40366829301897,62.656127141384786
41.879919946631084,65.86302,47.472538,91.43433762296702,62.67507185560595
41.91594396264176,108.9728,67.25333,91.46500930410534,62.69401242809327
41.95196797865243,88.166626,57.691086,91.49568340662503,62.71294873520168
41.987991994663105,69.50011,48.5168,91.52636000017475,62.73188065424182
42.02401601067378,64.15734,47.247807,91.55703915385416,62.750808063491306
42.060040026684455,106.73876,65.77509,91.58772093620772,62.769730842205824
42.096064042695126,65.42354,47.411663,91.61840541521839,62.78864887063011
42.132088058705804,69.12091,48.328438,91.6490926583016,62.807562030008704
42.168112074716475,91.79831,65.169464,91.67978273229912,62.82647020259661
42.20413609072715,69.86907,48.72903,91.71047570347316,62.84537327166977
42.240160106737825,73.43703,52.982304,91.74117163750054,62.86427112153537
42.2761841227485,80.06997,57.890076,91.77187059946687,62.88316363754199
42.31220813875917,97.687965,69.285385,91.80257265386088,62.902050706089625
42.348232154769846,97.993706,69.18086,91.83327786456891,62.920932214639485
42.38425617078052,98.5002,68.99097,91.8639862948693,62.93980805172368
42.42028018679119,77.31186,57.396797,91.89469800742717,62.95867810695471
42.45630420280187,100.200325,68.248,91.92541306428893,62.97754227103482
42.49232821881254,84.696144,57.37667,91.95613152687713,62.996400435765196
42.52835223482321,63.052322,47.083813,91.98685345598545,63.01525249405493
42.56437625083389,108.931305,67.159836,92.01757891177357,63.03409833992991
42.60040026684456,91.39873,63.465813,92.04830795376219,63.0529378685415
42.63642428285524,70.67719,49.314163,92.07904064082837,63.071770976175
42.67244829886591,78.95845,57.836323,92.1097770312006,63.090597560258104
42.70847231487658,77.1564,57.323967,92.14051718245432,63.109417519368954
42.74449633088726,72.75485,51.84118,92.17126115150727,63.12823075324427
42.78052034689793,93.89674,69.2225,92.20200899461501,63.14703716278711
42.8165443629086,75.85218,56.41043,92.23276076736668,63.16583665007461
42.85256837891928,91.99978,65.92945,92.26351652468065,63.18462911836548
42.88859239492995,100.40941,68.14945,92.29427632080031,63.203414472107305
42.92461641094062,75.82119,56.38108,92.32504020929011,63.2221926169438
42.9606404269513,100.068184,68.309746,92.35580824303153,63.24096345972173
42.99666444296197,69.27798,48.40306,92.38658047421914,63.25972690849782
43.03268845897264,68.08713,47.9377,92.41735695435695,63.27848287254534
43.06871247498332,76.1156,56.644176,92.44813773425457,63.29723126236071
43.10473649099399,70.59317,49.244633,92.47892286402376,63.3159719896697
43.140760507004664,75.14876,55.6428,92.5097123930748,63.33470496743369
43.17678452301534,72.93849,52.139145,92.54050637011326,63.353430109855616
43.212808539026014,61.160267,46.642998,92.57130484313646,63.37214733238576
43.24883255503669,89.36041,58.525215,92.60210785943053,63.390856551727445
43.284856571047364,77.92816,57.625885,92.6329154655671,63.40955768584248
43.320880587058035,70.95355,49.558777,92.66372770740037,63.428250653956475
43.35690460306871,95.34987,69.679596,92.69454463006423,63.44693537656398
43.392928619079385,60.296303,46.328224,92.72536627796939,63.4656117754334
43.428952635090056,68.79142,48.186165,92.75619269480063,63.48427977361188
43.464976651100734,73.007,52.252502,92.78702392351428,63.502939295429854
43.501000667111406,61.384605,46.710957,92.8178600063356,63.52159026650551
43.53702468312208,74.54482,54.811005,92.8487009847563,63.5402326137491
43.573048699132755,67.30939,47.732227,92.87954689953244,63.55886626536702
43.60907271514343,81.10942,57.833633,92.91039779068191,63.57749115086577
43.6450967311541,98.16553,69.11862,92.9412536974825,63.59610720105571
43.681120747164776,99.237015,68.685005,92.97211465846966,63.61471434805469
43.71714476317545,93.97147,69.27005,93.0029807114348,63.63331252529146
43.75316877918612,94.69014,69.57712,93.0338518934232,63.65190166750892
43.7891927951968,102.01866,67.37517,93.06472824073242,63.67048171076726
43.82521681120747,73.18266,52.54751,93.0956097889105,63.68905259244683
43.86124082721814,103.25039,66.80068,93.12649657275452,63.707614251250924
43.89726484322882,82.157135,57.71457,93.15738862630909,63.72616662720839
43.93328885923949,80.22011,57.88717,93.1882859828649,63.744709661676005
43.96931287525017,75.50197,56.05521,93.2191886749576,63.763243297340736
44.00533689126084,91.57112,64.21529,93.25009673436648,63.78176747822185
44.04136090727151,68.68808,48.145233,93.2810101921134,63.800282149672825
44.07738492328219,93.74347,69.11367,93.31192907846187,63.81878725838307
44.11340893929286,63.62567,47.173904,93.34285342291606,63.83728275237953
44.14943295530353,100.09355,68.29793,93.3737832542201,63.855768581028116
44.18545697131421,70.36545,49.066875,93.40471860035726,63.87424469503495
44.22148098732488,100.467865,68.12173,93.43565948854936,63.892711046447424
44.25750500333555,90.90519,61.54245,93.46660594525635,63.911167588655154
44.29352901934623,107.55025,65.87565,93.49755799617573,63.92961427639076
44.3295530353569,62.307518,46.94211,93.5285156662423,63.94805106573037
44.36557705136757,97.98268,69.18478,93.55947897962787,63.96647791409417
44.40160106737825,87.928406,57.596226,93.5904479597412,63.98489478024659
44.43762508338892,100.68833,68.01663,93.62142262922778,64.00330162429643
44.473649099399594,106.43484,65.7918,93.65240300997002,64.02169840769683
44.50967311541027,92.24896,66.72568,93.68338912308728,64.04008509324504
44.545697131420944,85.6312,57.30931,93.71438098893609,64.05846164508202
44.581721147431615,80.17133,57.888336,93.74537862711051,64.07682802869192
44.617745163442294,83.765945,57.48936,93.77638205644246,64.09518421090145
44.653769179452965,76.35103,56.83035,93.8073912950022,64.11353015987889
44.68979319546364,92.03361,66.04701,93.83840636009901,64.13186584513322
44.725817211474315,70.16311,48.92134,93.8694272682817,64.15019123751286
44.761841227484986,59.84809,46.126892,93.90045403533946,64.16850630920439
44.797865243495664,100.11781,68.28661,93.9314866763027,64.18681103373108
44.833889259506336,91.96269,65.7971,93.96252520544392,64.20510538595117
44.86991327551701,80.11169,57.889473,93.9935696362788,64.22338934205621
44.905937291527685,81.57115,57.786705,94.02461998156721,64.24166287956905
44.94196130753836,65.22337,47.385292,94.05567625331449,64.25992597734171
44.97798532354903,75.76039,56.322357,94.08673846277267,64.27817861555322
45.014009339559706,89.13948,58.312866,94.11780662044184,64.29642077570716
45.05003335557038,64.263336,47.261814,94.1488807360716,64.31465244062912
45.08605737158105,94.64974,69.56601,94.17996081866261,64.33287359446405
45.12208138759173,103.55275,66.66757,94.21104687646817,64.35108422267334
45.1581054036024,108.47615,66.454254,94.24213891699593,64.3692843120319
45.19412941961307,83.710495,57.49691,94.27323694700968,64.38747385062499
45.23015343562375,90.38276,60.105675,94.30434097253125,64.4056528278449
45.26617745163442,85.36,57.322266,94.33545099884235,64.42382123438765
45.30220146764509,78.65645,57.79356,94.3665670304867,64.4419790622492
45.33822548365577,73.12688,52.453217,94.39768907127213,64.46012630472195
45.37424949966644,88.90617,58.12194,94.42881712427268,64.47826295639078
45.41027351567712,107.78821,65.96113,94.459951191831,64.49638901312902
45.44629753168779,70.61375,49.261456,94.49109127556059,64.5145044720944
45.48232154769846,85.36729,57.32184,94.5222373763483,64.53260933172469
45.51834556370914,82.881134,57.614174,94.55338949435682,64.55070359173335
45.55436957971981,83.610146,57.51072,94.58454762902721,64.56878725310493
45.59039359573048,91.25486,62.856224,94.61571177908164,64.5868603180904
45.62641761174116,81.608475,57.78248,94.64688194252608,64.60492279020232
45.66244162775183,74.33641,54.489967,94.67805811665315,64.62297467420991
45.6984656437625,88.2097,57.71022,94.70924029804496,64.64101597613393
45.73448965977318,81.15067,57.829887,94.74042848257614,64.65904670324143
45.77051367578385,90.97745,61.79033,94.77162266541677,64.67706686404048
45.806537691794524,102.17592,67.29987,94.80282284103566,64.6950764682746
45.8425617078052,80.363945,57.88253,94.83402900320337,64.71307552691724
45.878585723815874,69.68271,48.618015,94.86524114499557,64.73106405216595
45.914609739826545,107.842575,65.98546,94.89645925879628,64.74904205743657
45.950633755837224,66.71343,47.610474,94.92768333630141,64.76700955735723
45.986657771847895,91.69191,64.732086,94.95891336852206,64.78496656776227
46.02268178785857,61.65624,46.786625,94.99014934578821,64.80291310568592
46.058705803869245,64.09157,47.239017,95.02139125775219,64.82084918935605
46.094729819879916,88.44267,57.82528,95.05263909339247,64.83877483818762
46.130753835890594,93.24431,68.63218,95.08389284101739,64.85669007277609
46.166777851901266,77.11195,57.301918,95.11515248826888,64.87459491489075
46.20280186791194,72.91082,52.093674,95.14641802212641,64.89248938746788
46.238825883922615,86.75098,57.338955,95.17768942891098,64.91037351460373
46.27484989993329,93.4509,68.85784,95.20896669428899,64.92824732154759
46.31087391594396,66.28649,47.537056,95.24024980327641,64.94611083469451
46.346897931954636,60.21954,46.29573,95.27153874024296,64.96396408157807
46.38292194796531,62.643364,47.010105,95.30283348891615,64.98180709086297
46.41894596397598,82.99758,57.597523,95.33413403238568,64.99963989233754
46.45496997998666,75.99763,56.542915,95.36544035310769,65.01746251690611
46.49099399599733,83.52044,57.523205,95.39675243290915,65.03527499658131
46.527018012008,92.27011,66.78596,95.42807025299234,65.05307736447627
46.56304202801868,76.150826,56.67336,95.45939379393931,65.07086965479662
46.59906604402935,107.30673,65.81839,95.49072303571643,65.08865190283257
46.63509006004002,75.169586,55.66866,95.52205795767901,65.10642414495065
46.6711140760507,91.07968,62.16285,95.55339853857603,65.12418641858567
46.70713809206137,75.96593,56.514763,95.58474475655478,65.14193876223216
46.74316210807205,72.62758,51.64039,95.61609658916566,65.15968121543614
46.77918612408272,86.219795,57.305668,95.64745401336708,65.17741381878648
46.81521014009339,107.32276,65.82134,95.67881700553028,65.19513661390639
46.85123415610407,72.99829,52.238014,95.71018554144432,65.21284964344459
46.88725817211474,68.707596,48.152836,95.74155959632101,65.23055295106664
46.92328218812541,94.65467,69.5674,95.77293914480005,65.24824658144594
46.95930620413609,91.86037,65.41393,95.80432416095404,65.26593058025486
46.99533022014676,63.201546,47.10858,95.83571461829366,65.28360499415552
47.03135423615743,78.75449,57.80899,95.8671104897729,65.30126987079089
47.06737825216811,93.60872,69.004265,95.89851174779423,65.31892525877524
47.10340226817878,90.41127,60.169785,95.92991836421393,65.33657120768507
47.139426284189454,104.131004,66.426575,95.96133031034745,65.3542077680496
47.17545030020013,97.88172,69.22011,95.99274755697476,65.37183499134139
47.211474316210804,102.61474,67.092155,96.02417007434576,65.38945292996654
47.247498332221475,107.555756,65.87727,96.05559783218578,65.40706163725538
47.283522348232154,92.46695,67.2969,96.08703079970113,65.4246611674525
47.319546364242825,72.67619,51.716484,96.11846894558454,65.4422515757071
47.355570380253496,67.452995,47.76572,96.14991223802087,65.45983291806304
47.391594396264175,84.50014,57.397614,96.18136064469275,65.47740525144903
47.427618412274846,108.72133,66.77463,96.21281413278612,65.49496863366842
47.463642428285524,63.114395,47.094242,96.24427266899616,65.51252312338941
47.499666444296196,99.2739,68.66893,96.27573621953285,65.53006878013466
47.53569046030687,84.140175,57.440384,96.30720475012687,65.54760566427122
47.571714476317545,103.43147,66.72045,96.33867822603543,65.56513383700016
47.60773849232822,59.657204,46.032295,96.37015661204805,65.58265336034644
47.64376250833889,93.756195,69.12332,96.40163987249258,65.60016429714821
47.679786524349566,109.13145,67.68934,96.43312797124108,65.61766671104667
47.71581054036024,90.7854,61.1595,96.46462087171571,65.63516066647529
47.75183455637091,101.67897,67.53877,96.4961185368949,65.65264622864946
47.78785857238159,61.235565,46.66638,96.5276209293192,65.67012346355568
47.82388258839226,67.11559,47.689766,96.5591280110975,65.68759243794103
47.85990660440293,77.40126,57.435764,96.59063974391302,65.70505321930234
47.89593062041361,72.42838,51.336876,96.62215608902943,65.72250587587547
47.93195463642428,75.18578,55.68863,96.6536770072971,65.73995047662434
47.96797865243495,81.810165,57.75869,96.68520245915917,65.7573870912303
48.00400266844563,91.10602,62.26284,96.71673240465782,65.77481579008096
48.0400266844563,90.87813,61.452896,96.74826680344043,65.79223664425933
48.07605070046697,66.993416,47.664486,96.77980561476592,65.80964972553282
48.11207471647765,76.052086,56.59034,96.81134879751099,65.82705510634206
48.14809873248832,91.9487,65.74628,96.8428963101764,65.84445285978997
48.184122748499,89.03765,58.22564,96.87444811089333,65.86184305963046
48.22014676450967,95.62015,69.6853,96.90600415742966,65.87922578025737
48.25617078052034,105.923256,65.8668,96.93756440719648,65.89660109669317
48.29219479653102,104.69525,66.21385,96.9691288172543,65.91396908457779
48.32821881254169,88.494125,57.853497,97.0006973443196,65.93132982015725
48.364242828552364,70.16757,48.924427,97.03226994477114,65.94868338027239
48.40026684456304,73.209045,52.592274,97.06384657465651,65.96602984234754
48.43629086057371,80.97919,57.844826,97.09542718969846,65.98336928437914
48.472314876584385,77.03718,57.26356,97.1270117453015,66.00070178492427
48.50833889259506,65.9922,47.491493,97.15860019655835,66.01802742308935
48.544362908605734,104.72093,66.20482,97.19019249825632,66.03534627851852
48.580386924616406,59.79893,46.103054,97.22178860488407,66.05265843138233
48.616410940627084,84.04517,57.452446,97.2533884706379,66.0699639623661
48.652434956637755,73.509964,53.107773,97.28499204942841,66.08726295265853
48.68845897264843,90.56827,60.549805,97.31659929488703,66.10455548394005
48.724482988659105,105.81155,65.88971,97.34821016037262,66.12184163837131
48.760507004669776,60.876972,46.549515,97.37982459897792,66.13912149858163
48.79653102068045,91.07358,62.1399,97.41144256353624,66.15639514765739
48.832555036691126,80.93023,57.848774,97.44306400662805,66.17366266913044
48.8685790527018,99.701614,68.47835,97.47468888058742,66.19092414696644
48.904603068712476,65.12425,47.372433,97.50631713750886,66.20817966555333
48.94062708472315,96.00299,69.664505,97.53794872925369,66.22542930968964
48.97665110073382,87.71003,57.5241,97.56958360745678,66.24267316457286
49.0126751167445,67.07552,47.681355,97.60122172353311,66.2599113157878
49.04869913275517,61.176346,46.64804,97.63286302868445,66.27714384929494
49.08472314876584,83.739655,57.49293,97.66450747390581,66.29437085141879
49.12074716477652,91.01076,61.90893,97.69615500999231,66.31159240883622
49.15677118078719,95.77666,69.68062,97.72780558754553,66.32880860856484
49.19279519679786,92.294785,66.85496,97.75945915698028,66.3460195379513
49.22881921280854,89.40667,58.574062,97.79111566853123,66.36322528465968
49.26484322881921,75.35142,55.886196,97.82277507225942,66.38042593665982
49.30086724482988,90.22649,59.778687,97.8544373180589,66.3976215822157
49.33689126084056,80.50059,57.87655,97.88610235566341,66.41481230987378
49.37291527685123,91.21184,62.680096,97.91777013465287,66.43199820845143
49.4089392928619,69.97291,48.79446,97.94944060446002,66.44917936702521
49.44496330887258,82.67561,57.64338,97.98111371437712,66.4663558749194
49.48098732488325,77.95511,57.633926,98.01278941356227,66.48352782169427
49.51701134089393,95.68245,69.684105,98.04446765104626,66.5006952971346
49.5530353569046,77.285355,57.384842,98.07614837573894,66.5178583912381
49.58905937291527,66.74251,47.615845,98.1078315364359,66.53501719420376
49.62508338892595,101.096756,67.82022,98.13951708182496,66.5521717964205
49.66110740493662,60.113205,46.24939,98.17120496049269,66.56932228845548
49.697131420947294,91.64017,64.51271,98.20289512093098,66.58646876104271
49.73315543695797,69.22031,48.375122,98.23458751154351,66.60361130507155
49.76917945296864,91.748474,64.967224,98.2662820806523,66.62075001157525
49.805203468979315,88.14487,57.681667,98.29797877650415,66.63788497171954
49.84122748498999,90.63152,60.716778,98.32967754727713,66.65501627679124
49.877251501000664,86.95507,57.36321,98.36137834108703,66.67214401818683
49.913275517011336,84.41672,57.407063,98.39308110599382,66.68926828740119
49.949299533022014,96.45621,69.603004,98.42478579000803,66.70638917601622
49.985323549032685,93.566376,68.967,98.4564923410972,66.72350677568956
50.02134756504336,77.953735,57.63352,98.48820070719228,66.74062117814336
50.057371581054035,62.79821,47.039093,98.51991083619396,66.75773247515303
50.093395597064706,76.28804,56.78256,98.55162267597905,66.77484075853613
50.12941961307538,65.886795,47.475983,98.58333617440675,66.79194612014102
50.165443629086056,72.85427,52.00136,98.61505127932509,66.80904865183605
50.20146764509673,91.0427,62.025208,98.64676793857706,66.82614844549815
50.237491661107406,108.36714,66.34303,98.678486100007,66.84324559300202
50.27351567711808,91.52864,64.03064,98.71020571146684,66.86034018620907
50.30953969312875,66.40358,47.55624,98.74192672082222,66.8774323169564
50.34556370913943,96.25853,69.63428,98.77364907595876,66.89452207704596
50.3815877251501,70.447,49.12878,98.80537272478826,66.91160955823365
50.41761174116077,75.64543,56.207054,98.83709761525476,66.92869485221846
50.45363575717145,108.59761,66.59918,98.86882369534078,66.94577805063176
50.48965977318212,96.7626,69.542336,98.90055091307326,66.96285924502644
50.52568378919279,87.48485,57.46286,98.9322792165298,66.97993852686642
50.56170780520347,91.92407,65.65557,98.96400855384456,66.99701598751577
50.59773182121414,91.267975,62.910576,98.99573887321438,67.0140917182283
50.63375583722481,94.64448,69.56451,99.02747012290462,67.03116581013697
50.66977985323549,77.05267,57.271645,99.05920225125527,67.0482383542434
50.70580386924616,90.7422,61.029804,99.0909352066868,67.06530944140738
50.74182788525683,91.84317,65.34709,99.12266893770601,67.08237916233665
50.77785190126751,103.16905,66.83717,99.15440339291197,67.09944760757637
50.81387591727818,82.528534,57.66403,99.1861385210018,67.11651486749908
50.84989993328885,90.1554,59.64258,99.21787427077643,67.13358103229425
50.88592394929953,62.003117,46.873657,99.24961059114653,67.15064619195836
50.9219479653102,73.24899,52.66022,99.28134743113796,67.16771043628464
50.95797198132088,62.124397,46.901768,99.31308473989773,67.18477385485316
50.99399599733155,60.7592,46.507973,99.34482246669947,67.20183653702077
51.030020013342224,94.8665,69.61853,99.37656056094916,67.21889857191128
51.0660440293529,69.8923,48.74344,99.40829897219069,67.23596004840552
51.10206804536357,94.341606,69.458984,99.4400376501114,67.25302105513168
51.138092061374245,68.44489,48.055275,99.47177654454757,67.27008168045549
51.17411607738492,92.46763,67.2985,99.50351560548998,67.28714201247067
51.210140093395594,90.489876,60.354137,99.5352547830892,67.30420213898924
51.246164109406266,92.59261,67.57953,99.56699402766117,67.32126214753217
51.282188125416944,91.9769,65.848236,99.59873328969238,67.33832212531978
51.318212141427615,71.54891,50.17617,99.63047251984534,67.35538215926243
51.35423615743829,75.39253,55.93335,99.66221166896378,67.3724423359513
51.390260173448965,87.49829,57.466167,99.69395068807788,67.38950274164904
51.426284189459636,71.9706,50.694912,99.72568952840948,67.40656346228062
51.46230820547031,97.923706,69.20552,99.75742814137729,67.4236245834244
51.498332221480986,61.87644,46.843052,99.78916647860194,67.44068619030294
51.53435623749166,69.403595,48.466164,99.82090449191102,67.45774836777417
51.57038025350233,81.06829,57.837276,99.85264213334425,67.4748112003225
51.60640426951301,70.98824,49.591274,99.88437935515827,67.49187477205007
51.64242828552368,73.81903,53.6377,99.91611610983176,67.508939166668
51.67845230153436,69.648605,48.59856,99.94785235007024,67.5260044674878
51.71447631754503,73.7171,53.463707,99.97958802881088,67.54307075741276
51.7505003335557,90.81778,61.259613,100.01132309922744,67.56013811892966
51.78652434956638,91.68062,64.68451,100.04305751473493,67.57720663410016
51.82254836557705,86.332214,57.30947,100.07479122899431,67.59427638455264
51.85857238158772,92.65396,67.70644,100.10652419591726,67.61134745147393
51.8945963975984,107.41029,65.83939,100.1382563696707,67.62841991560119
51.93062041360907,92.45552,67.26959,100.16998770468142,67.64549385721378
51.96664442961974,71.78009,50.45189,100.20171815564055,67.66256935612542
52.00266844563042,87.00354,57.370033,100.23344767750814,67.67964649167618
52.03869246164109,60.457184,46.393784,100.26517622551745,67.69672534272473
52.07471647765176,75.3225,55.852585,100.2969037551795,67.71380598764065
52.11074049366244,60.64668,46.466747,100.32863022228722,67.73088850429671
52.14676450967311,93.506226,68.91156,100.36035558291988,67.74797297006141
52.18278852568378,68.08054,47.935688,100.39207979344725,67.76505946179148
52.21881254169446,70.64191,49.28469,100.4238028105338,67.78214805582452
52.25483655770513,91.48657,63.847363,100.45552459114282,67.79923882797173
52.29086057371581,102.22362,67.277115,100.48724509254052,67.81633185351073
52.32688458972648,92.74861,67.88919,100.5189642723001,67.8334272071784
52.362908605737154,72.59971,51.597115,100.5506820883056,67.85052496316393
52.39893262174783,104.50883,66.281265,100.58239849875602,67.86762519510188
52.4349566377585,82.30322,57.69502,100.61411346216897,67.88472797606534
52.470980653769175,100.97779,67.877594,100.64582693738473,67.90183337855922
52.50700466977985,91.70195,64.774185,100.67753888356984,67.91894147451356
52.543028685790524,105.71134,65.91201,100.7092492602209,67.93605233527705
52.579052701801196,93.10398,68.45364,100.7409580271682,67.95316603161051
52.615076717811874,75.091415,55.570618,100.77266514457946,67.97028263368051
52.651100733822545,75.30684,55.83423,100.80437057296312,67.9874022110532
52.68712474983322,109.13041,67.68598,100.83607427317216,68.00452483268799
52.723148765843895,85.9569,57.30271,100.86777620640731,68.0216505669316
52.759172781854566,102.94177,66.94049,100.89947633422061,68.03877948151201
52.79519679786524,76.47626,56.921112,100.93117461851863,68.05591164353255
52.831220813875916,66.10071,47.50788,100.96287102156585,68.0730471194662
52.86724482988659,97.48706,69.349304,100.99456550598785,68.09018597514972
52.90326884589726,84.73065,57.37318,101.02625803477449,68.10732827577826
52.93929286190794,85.84524,57.303776,101.0579485712831,68.12447408589969
52.97531687791861,90.333084,59.997368,101.08963707924141,68.14162346940927
53.01134089392929,60.53498,46.424286,101.12132352275071,68.15877648954434
53.04736490993996,74.271736,54.38732,101.15300786628872,68.17593320887904
53.08338892595063,65.07225,47.36573,101.18469007471253,68.19309368931934
53.11941294196131,98.125984,69.13316,101.21637011326143,68.21025799209784
53.15543695797198,73.800125,53.60552,101.24804794755973,68.227426177769
53.19146097398265,85.27851,57.32733,101.27972354361944,68.24459830620427
53.22748498999333,90.61484,60.6719,101.311396867843,68.26177443658736
53.263509006004,72.66233,51.69471,101.34306788702587,68.27895462740965
53.29953302201467,100.50184,68.10559,101.37473656835911,68.29613893646562
53.33555703802535,69.153114,48.34336,101.40640287943191,68.31332742084852
53.37158105403602,81.35635,57.809837,101.43806678823398,68.33052013694598
53.40760507004669,63.20701,47.10947,101.469728263158,68.34771714043579
53.44362908605737,74.22901,54.31878,101.50138727300194,68.3649184862818
53.47965310206804,62.431854,46.968147,101.53304378697138,68.38212422872991
53.51567711807871,74.829315,55.22218,101.5646977746816,68.39933442130416
53.55170113408939,74.090576,54.093124,101.59634920615997,68.41654911680287
53.58772515010006,65.12889,47.37303,101.62799805184784,68.43376836729496
53.623749166110734,102.88513,66.96653,101.65964428260273,68.4509922241163
53.65977318212141,92.73552,67.864815,101.69128786970026,68.46822073786629
53.695797198132084,59.73239,46.07021,101.72292878483614,68.48545395840425
53.73182121414276,91.28689,62.98943,101.75456700012798,68.50269193484635
53.76784523015343,106.53476,65.78374,101.7862024881172,68.51993471556219
53.803869246164105,104.83371,66.165855,101.81783522177071,68.53718234817183
53.83989326217478,73.09972,52.407494,101.84946517448273,68.55443487954268
53.875917278185455,74.73898,55.095226,101.88109232007628,68.57169235578668
53.911941294196126,100.25046,68.22447,101.91271663280494,68.58895482225739
53.947965310206804,93.471634,68.878296,101.94433808735428,68.60622232354743
53.983989326217475,91.42465,63.577984,101.97595665884336,68.62349490348566
54.02001334222815,108.54666,66.53543,102.00757232282623,68.64077260513494
54.056037358238825,98.45443,69.008896,102.03918505529317,68.65805547078944
54.0920613742495,106.14746,65.8275,102.07079483267208,68.67534354197255
54.12808539026017,88.2454,57.726562,102.10240163182968,68.69263685943459
54.164109406270846,89.54272,58.727425,102.13400543007282,68.70993546315077
54.20013342228152,94.18139,69.386116,102.16560620514943,68.72723939231904
54.23615743829219,69.857796,48.722084,102.19720393524977,68.74454868535838
54.27218145430287,93.48164,68.888016,102.22879859900735,68.76186337990684
54.30820547031354,102.95475,66.93455,102.26039017549994,68.77918351281996
54.34422948632421,108.14934,66.1637,102.29197864425046,68.79650912016902
54.38025350233489,60.91282,46.561836,102.32356398522788,68.81384023723975
54.41627751834556,72.97995,52.20761,102.35514617884792,68.83117689853069
54.45230153435624,69.18533,48.35849,102.3867252059739,68.84851913775209
54.48832555036691,82.45297,57.67452,102.41830104791734,68.86586698782453
54.52434956637758,75.40475,55.94721,102.44987368643862,68.88322048087802
54.56037358238826,94.70668,69.5815,102.48144310374758,68.90057964825074
54.59639759839893,66.38989,47.553963,102.513009282504,68.91794452048839
54.6324216144096,85.68559,57.307487,102.54457220581804,68.93531512734313
54.66844563042028,91.82716,65.28422,102.57613185725069,68.95269149777316
54.70446964643095,89.7041,58.929947,102.60768822081411,68.97007365994175
54.74049366244162,67.60827,47.80403,102.63924128097187,68.98746164121707
54.7765176784523,95.1492,69.66282,102.67079102263929,69.00485546817154
54.81254169446297,71.771065,50.44073,102.70233743118351,69.0222551665816
54.84856571047364,89.18031,58.34965,102.73388049242371,69.03966076142746
54.88458972648432,70.97144,49.575485,102.76542019263115,69.05707227689298
54.92061374249499,91.24528,62.8167,102.79695651852914,69.07448973636562
54.956637758505664,71.59446,50.228844,102.8284894572931,69.09191316243653
54.99266177451634,89.76611,59.014305,102.86001899655042,69.10934257690067
55.028685790527014,60.1482,46.264812,102.89154512438029,69.12677800075713
55.064709806537685,90.41255,60.17267,102.92306782931351,69.14421945420933
55.100733822548364,72.2048,51.013283,102.95458710033236,69.16166695666567
55.136757838559035,103.00715,66.91058,102.9861029268701,69.17912052673985
55.17278185456971,94.840866,69.613205,103.01761529881078,69.1965801822517
55.208805870580385,67.78788,47.85128,103.04912420648873,69.21404594022765
55.244829886591056,68.921295,48.24004,103.08062964068813,69.23151781690186
55.280853902601734,65.37079,47.40465,103.11213159264256,69.24899582771684
55.316877918612406,79.12666,57.85429,103.14363005403428,69.2664799873246
55.35290193462308,70.87838,49.489754,103.1751250169938,69.28397030958767
55.388925950633755,62.683712,47.017796,103.20661647409906,69.30146680758035
55.42494996664443,87.21895,57.405693,103.2381044183748,69.3189694935899
55.4609739826551,79.231995,57.86356,103.26958884329177,69.33647837911793
55.496997998665776,85.43817,57.3179,103.30106974276588,69.35399347488185
55.53302201467645,83.24183,57.5626,103.33254711115731,69.3715147908164
55.56904603068712,71.28004,49.8813,103.3640209432697,69.3890423360753
55.6050700466978,63.85177,47.206207,103.39549123434904,69.40657611903293
55.64109406270847,73.643036,53.33666,103.42695798008276,69.4241161472861
55.67711807871914,74.49638,54.73781,103.45842117659856,69.44166242765603
55.71314209472982,62.014904,46.876442,103.4898808204634,69.4592149661902
55.74916611074049,76.85078,57.16078,103.52133690868223,69.47677376816455
55.78519012675117,106.00844,65.850784,103.55278943869682,69.4943388380855
55.82121414276184,89.04281,58.229904,103.58423840838452,69.5119101796922
55.85723815877251,66.20708,47.524403,103.61568381605689,69.52948779595891
55.89326217478319,73.70315,53.4398,103.6471256604584,69.54707168909734
55.92928619079386,90.344604,60.022118,103.67856394076497,69.56466186055908
55.96531020680453,77.9424,57.63015,103.70999865658258,69.58225831103832
56.00133422281521,72.10098,50.869507,103.7414298079457,69.59986104047425
56.03735823882588,88.27256,57.739296,103.77285739531578,69.61747004805403
56.07338225483655,86.03778,57.30278,103.80428141957968,69.63508533221543
56.10940627084723,106.53433,65.78376,103.835701882048,69.65270689064975
56.1454302868579,90.515915,60.417786,103.86711878445341,69.67033472030481
56.18145430286857,76.8132,57.138786,103.89853212894893,69.68796881738797
56.21747831887925,96.25579,69.63467,103.92994191810615,69.70560917736923
56.25350233488992,89.20851,58.375675,103.96134815491345,69.72325579498445
56.289526350900594,84.65648,57.380756,103.99275084277406,69.74090866423862
56.32555036691127,69.06832,48.30447,104.0241499855043,69.7585677784092
56.361574382921944,88.200775,57.706203,104.05554558733147,69.77623313004953
56.397598398932615,68.87168,48.219135,104.086937652892,69.79390471099232
56.433622414943294,70.08375,48.867264,104.11832618722937,69.81158251235328
56.469646430953965,102.697266,67.05359,104.14971119579204,69.82926652453469
56.50567044696464,103.79439,66.56447,104.1810926844313,69.84695673722914
56.541694462975315,79.02786,57.844223,104.21247065939926,69.86465313942333
56.577718478985986,91.960556,65.78938,104.24384512734648,69.88235571940191
56.613742494996664,67.67479,47.82115,104.27521609531989,69.90006446475145
56.649766511007336,108.290955,66.274345,104.30658357076041,69.91777936236437
56.68579052701801,77.75396,57.57013,104.3379475615007,69.93550039844307
56.721814543028685,105.92259,65.86693,104.36930807576283,69.953227558504
56.75783855903936,65.65896,47.44366,104.40066512215583,69.97096082738192
56.79386257505003,74.81486,55.202095,104.4320187096733,69.98870018923417
56.829886591060706,91.2688,62.913998,104.463368847691,70.00644562754492
56.86591060707138,74.90337,55.32367,104.49471554596423,70.02419712512972
56.90193462308205,65.2675,47.391052,104.52605881462546,70.04195466413978
56.93795863909273,74.96747,55.40959,104.55739866418159,70.05971822606666
56.9739826551034,81.52294,57.792076,104.58873510551146,70.07748779174678
57.01000667111407,72.29049,51.135082,104.62006814986319,70.09526334136605
57.04603068712475,63.81196,47.200623,104.65139780885147,70.11304485446463
57.08205470313542,92.368774,67.053085,104.68272409445484,70.13083230994172
57.11807871914609,73.19418,52.56704,104.71404701901301,70.14862568606034
57.15410273515677,67.026276,47.671177,104.74536659522406,70.16642496045226
57.19012675116744,72.813805,51.935818,104.77668283614159,70.18423011012293
57.22615076717812,91.527756,64.02682,104.8079957551719,70.20204111145645
57.26217478318879,91.381546,63.39167,104.83930536607114,70.21985794022076
57.29819879919946,75.74131,56.303604,104.87061168294238,70.23768057157264
57.33422281521014,66.84778,47.635742,104.90191472023268,70.25550898006288
57.37024683122081,75.32935,55.860588,104.93321449273009,70.27334313964164
57.40627084723148,90.15506,59.641937,104.9645110155607,70.29118302366352
57.44229486324216,78.43132,57.752106,104.99580430418561,70.30902860489317
57.47831887925283,67.4036,47.753998,105.02709437439785,70.32687985551038
57.5143428952635,79.44348,57.87784,105.05838124231923,70.34473674711573
57.55036691127418,72.78293,51.886124,105.08966492439741,70.36259925073597
57.58639092728485,63.497665,47.1549,105.12094543740255,70.38046733682962
57.622414943295524,78.452,57.75628,105.15222279842428,70.3983409752925
57.6584389593062,74.60514,54.90091,105.18349702486844,70.4162201354634
57.694462975316874,70.95133,49.55671,105.21476813445386,70.4341047861297
57.730486991327545,63.405975,47.14093,105.24603614520916,70.45199489553319
57.766511007338224,62.25726,46.931282,105.27730107546944,70.46989043137569
57.802535023348895,103.14009,66.850235,105.30856294387294,70.48779136082509
57.838559039359566,93.87184,69.20588,105.3398217693578,70.50569765052087
57.874583055370245,71.068146,49.667698,105.37107757115865,70.52360926658041
57.910607071380916,91.745514,64.955055,105.40233036880326,70.54152617460451
57.946631087391594,92.397835,67.12747,105.43358018210915,70.55944833968373
57.982655103402266,79.49245,57.880356,105.46482703118019,70.57737572640413
58.01867911941294,67.439514,47.762497,105.4960709364031,70.59530829885351
58.054703135423615,89.4984,58.67582,105.52731191844407,70.6132460206274
58.09072715143429,65.85608,47.471535,105.55854999824521,70.63118885483529
58.12675116744496,88.19357,57.702984,105.58978519702111,70.64913676410663
58.162775183455636,100.70323,68.0095,105.62101753625527,70.66708971059728
58.19879919946631,75.34665,55.880684,105.65224703769655,70.68504765599549
58.23482321547698,92.35115,67.007034,105.68347372335569,70.70301056152837
58.27084723148766,74.65145,54.968967,105.71469761550162,70.72097838796809
58.30687124749833,107.554955,65.87704,105.74591873665797,70.73895109563826
58.342895263509,82.36133,57.687115,105.77713710959937,70.7569286444202
58.37891927951968,64.15521,47.24752,105.80835275734785,70.77491099375956
58.41494329553035,99.85594,68.40788,105.83956570316923,70.79289810267247
58.45096731154102,86.2427,57.306313,105.87077597056938,70.81088992975221
58.4869913275517,71.23525,49.83481,105.90198358329062,70.82888643317558
58.52301534356237,62.012077,46.875774,105.93318856530794,70.84688757070946
58.55903935957305,88.08503,57.65656,105.96439094082538,70.86489329971728
58.59506337558372,90.30103,59.9297,105.99559073427224,70.88290357716568
58.63108739159439,97.50038,69.34519,106.02678797029937,70.900918359631
58.66711140760507,78.20935,57.702457,106.05798267377541,70.91893760330598
58.70313542361574,89.69249,58.914574,106.08917486978305,70.9369612640062
58.73915943962641,77.78333,57.579998,106.12036458361518,70.95498929717702
58.77518345563709,102.222565,67.27762,106.15155184077128,70.9730216579
58.81120747164776,103.37663,66.7446,106.18273666695335,70.99105830089974
58.84723148765843,88.05079,57.642715,106.21391908806235,71.00909918055046
58.88325550366911,61.323864,46.69306,106.24509913019429,71.02714425088286
58.91927951967978,99.09203,68.74754,106.27627681963634,71.04519346559078
58.955303535690454,63.55176,47.163,106.30745218286307,71.06324677803799
58.99132755170113,61.390564,46.712692,106.33862524653264,71.08130414126495
59.027351567711804,91.99266,65.904305,106.36979603748281,71.09936550799561
59.063375583722475,85.971016,57.302673,106.40096458272717,71.1174308306442
59.099399599733154,76.34292,56.824272,106.43213090945133,71.13550006132208
59.135423615743825,85.57265,57.311577,106.46329504500886,71.15357315184451
59.171447631754496,60.723568,46.495083,106.49445701691761,71.17165005373755
59.207471647765175,75.2715,55.7924,106.5256168528557,71.18973071824486
59.243495663775846,90.50387,60.388172,106.55677458065767,71.20781509633458
59.279519679786524,71.57442,50.20557,106.58793022831055,71.22590313870622
59.315543695797196,107.392746,65.8355,106.61908382395,71.24399479579745
59.35156771180787,64.48219,47.29025,106.65023539585637,71.2620900177911
59.387591727818545,86.88357,57.353905,106.68138497245083,71.28018875462193
59.42361574382922,69.25433,48.391533,106.71253258229139,71.29829095598359
59.45963975983989,108.74148,66.806335,106.74367825406907,71.31639657133552
59.495663775850566,103.59305,66.650154,106.77482201660396,71.33450554990979
59.53168779186124,70.04951,48.84444,106.80596389884123,71.35261784071807
59.56771180787191,74.51631,54.76802,106.83710392984729,71.37073339255846
59.60373582388259,86.23917,57.30621,106.86824213880587,71.38885215402247
59.63975983989326,88.88016,58.102543,106.89937855501404,71.40697407350187
59.67578385590393,72.96931,52.189995,106.93051320787839,71.4250990991956
59.71180787191461,62.359524,46.95313,106.961646126911,71.44322717911669
59.74783188792528,61.24078,46.66798,106.99277734172563,71.46135826109912
59.78385590393595,74.017296,53.9717,107.02390688203369,71.47949229280478
59.81987991994663,84.35088,57.41473,107.05503477764046,71.49762922173026
59.8559039359573,99.65326,68.50026,107.08616105844106,71.51576899521388
59.89192795196797,66.53338,47.578316,107.11728575441666,71.53391156044239
59.92795196797865,83.44702,57.53351,107.14840889563048,71.55205686445802
59.96397598398932,63.372417,47.135735,107.17953051222392,71.5702048541652
60.0,66.02347,47.49617,107.2106506344127,71.58835547633751
